transaction_id,amount,hour_of_day,account_age_days,distance_from_home_km,transactions_last_24h,payment_method,device_type,is_fraud,high_amount_flag,night_transaction_flag,high_velocity_flag,new_account_flag,payment_method_enc,device_type_enc,risk_score,decision
1720,12.28,16,115,60.19,2,wallet,desktop,0,0,0,0,0,3,0,9.85,APPROVE
1091,83.91,6,1224,7.36,0,net_banking,mobile,0,0,0,0,0,2,1,1.92,APPROVE
775,12.99,10,401,20.25,2,debit_card,mobile,0,0,0,0,0,1,1,1.67,APPROVE
3701,90.78,10,1305,8.54,1,net_banking,pos_terminal,0,0,0,0,0,2,2,1.34,APPROVE
2616,35.73,3,1361,0.98,0,credit_card,desktop,0,0,1,0,0,0,0,8.97,APPROVE
2997,29.66,4,597,6.37,0,debit_card,desktop,0,0,1,0,0,1,0,7.72,APPROVE
3667,14.01,19,2072,13.08,2,net_banking,mobile,0,0,0,0,0,2,1,1.48,APPROVE
2050,49.04,14,517,11.59,2,net_banking,desktop,0,0,0,0,0,2,0,1.64,APPROVE
831,48.18,11,2946,32.11,0,net_banking,pos_terminal,0,0,0,0,0,2,2,5.84,APPROVE
4566,23.68,3,247,3.41,1,debit_card,desktop,0,0,1,0,0,1,0,7.45,APPROVE
4766,155.89,0,710,13.02,0,credit_card,mobile,0,0,1,0,0,0,1,9.66,APPROVE
683,88.36,9,96,1.13,3,net_banking,mobile,0,0,0,0,0,2,1,4.7,APPROVE
2909,28.99,9,136,12.13,1,debit_card,pos_terminal,0,0,0,0,0,1,2,3.38,APPROVE
2851,22.0,19,407,4.76,2,net_banking,mobile,0,0,0,0,0,2,1,1.47,APPROVE
3864,8.95,18,680,0.16,0,wallet,mobile,0,0,0,0,0,3,1,5.04,APPROVE
1805,119.21,12,2551,11.68,2,wallet,desktop,0,0,0,0,0,3,0,3.63,APPROVE
349,78.65,4,304,5.09,0,debit_card,mobile,0,0,1,0,0,1,1,6.82,APPROVE
1311,180.16,9,1050,5.3,1,wallet,pos_terminal,0,0,0,0,0,3,2,4.26,APPROVE
1077,91.07,15,390,7.36,2,debit_card,mobile,0,0,0,0,0,1,1,1.2,APPROVE
4123,184.42,1,467,9.33,1,wallet,mobile,0,0,1,0,0,3,1,9.62,APPROVE
2582,55.95,10,1297,3.63,3,wallet,mobile,0,0,0,0,0,3,1,2.61,APPROVE
2146,49.19,4,2654,15.44,2,wallet,pos_terminal,0,0,1,0,0,3,2,8.24,APPROVE
4357,78.61,19,258,0.36,0,net_banking,pos_terminal,0,0,0,0,0,2,2,4.88,APPROVE
4149,121.07,6,2907,0.4,2,net_banking,mobile,0,0,0,0,0,2,1,4.32,APPROVE
4185,80.06,3,1278,39.89,1,net_banking,mobile,0,0,1,0,0,2,1,6.35,APPROVE
3121,22.75,14,2822,6.91,4,net_banking,desktop,0,0,0,0,0,2,0,6.75,APPROVE
1441,7.89,19,1178,0.28,2,wallet,pos_terminal,0,0,0,0,0,3,2,4.01,APPROVE
2010,2.74,2,556,43.71,2,debit_card,desktop,0,0,1,0,0,1,0,9.91,APPROVE
3629,78.96,14,2479,4.65,2,credit_card,desktop,0,0,0,0,0,0,0,2.97,APPROVE
2453,34.13,12,1857,49.53,1,wallet,pos_terminal,0,0,0,0,0,3,2,5.99,APPROVE
2376,29.26,16,1781,6.37,3,credit_card,mobile,0,0,0,0,0,0,1,2.35,APPROVE
3247,42.48,13,2319,1.67,1,debit_card,desktop,0,0,0,0,0,1,0,1.52,APPROVE
2141,62.26,0,1818,15.54,4,net_banking,desktop,0,0,1,0,0,2,0,10.53,APPROVE
3388,3.18,1,185,37.99,3,net_banking,pos_terminal,0,0,1,0,0,2,2,11.8,APPROVE
4418,32.68,13,2249,22.62,2,credit_card,pos_terminal,0,0,0,0,0,0,2,3.45,APPROVE
4714,57.54,13,562,15.56,2,debit_card,mobile,0,0,0,0,0,1,1,0.43,APPROVE
705,368.1,4,2443,34.27,1,wallet,pos_terminal,0,1,1,0,0,3,2,20.88,APPROVE
2576,308.99,9,2718,1.93,2,debit_card,pos_terminal,0,1,0,0,0,1,2,15.5,APPROVE
883,8.79,1,632,9.13,2,debit_card,desktop,0,0,1,0,0,1,0,7.11,APPROVE
2044,157.37,7,1071,17.02,1,debit_card,desktop,0,0,0,0,0,1,0,2.54,APPROVE
1862,15.63,17,1568,6.99,3,net_banking,desktop,0,0,0,0,0,2,0,3.04,APPROVE
3999,14.08,21,2114,48.51,1,credit_card,pos_terminal,0,0,0,0,0,0,2,7.74,APPROVE
2307,76.79,17,2051,5.17,1,credit_card,desktop,0,0,0,0,0,0,0,2.38,APPROVE
4344,70.94,13,2746,13.34,2,credit_card,pos_terminal,0,0,0,0,0,0,2,4.45,APPROVE
1829,27.72,8,176,3.03,4,credit_card,desktop,0,0,0,0,0,0,0,8.99,APPROVE
1250,127.38,23,2209,2.21,1,credit_card,desktop,0,0,1,0,0,0,0,11.38,APPROVE
1275,8.87,21,1702,2.95,1,credit_card,desktop,0,0,0,0,0,0,0,4.5,APPROVE
1544,263.59,16,643,15.52,2,wallet,pos_terminal,0,1,0,0,0,3,2,14.67,APPROVE
3598,37.24,23,1929,0.41,1,net_banking,mobile,0,0,1,0,0,2,1,8.27,APPROVE
1535,10.4,1,2484,11.56,3,net_banking,pos_terminal,0,0,1,0,0,2,2,8.76,APPROVE
3839,92.13,5,272,18.36,3,wallet,mobile,0,0,0,0,0,3,1,6.37,APPROVE
403,140.11,15,2008,18.15,2,net_banking,desktop,0,0,0,0,0,2,0,3.2,APPROVE
1355,165.35,13,1743,24.17,1,net_banking,desktop,0,0,0,0,0,2,0,4.42,APPROVE
4680,25.24,3,1334,36.05,0,debit_card,mobile,0,0,1,0,0,1,1,7.05,APPROVE
42,720.17,16,702,299.44,5,debit_card,pos_terminal,1,1,0,0,0,1,2,75.16,BLOCK / INVESTIGATE
836,197.06,23,2732,10.41,1,net_banking,desktop,0,0,1,0,0,2,0,15.16,APPROVE
3407,483.53,5,1905,0.5,2,net_banking,pos_terminal,0,1,0,0,0,2,2,19.42,APPROVE
2938,243.29,10,2595,6.24,0,debit_card,pos_terminal,0,0,0,0,0,1,2,7.46,APPROVE
3895,139.2,4,1773,6.81,0,net_banking,mobile,0,0,1,0,0,2,1,6.17,APPROVE
2948,36.87,8,79,47.02,0,debit_card,desktop,0,0,0,0,0,1,0,7.23,APPROVE
2435,39.48,15,2942,17.05,0,debit_card,pos_terminal,0,0,0,0,0,1,2,4.93,APPROVE
212,84.44,20,1879,7.89,0,credit_card,mobile,0,0,0,0,0,0,1,3.16,APPROVE
2159,110.53,16,1000,22.23,1,debit_card,desktop,0,0,0,0,0,1,0,1.75,APPROVE
2908,29.02,11,1869,8.64,1,wallet,pos_terminal,0,0,0,0,0,3,2,2.36,APPROVE
2748,133.33,10,2041,81.22,4,wallet,desktop,0,0,0,0,0,3,0,35.95,APPROVE
3033,8.55,2,106,22.31,2,credit_card,desktop,0,0,1,0,0,0,0,10.38,APPROVE
123,9.33,14,1733,1.84,0,net_banking,desktop,0,0,0,0,0,2,0,2.83,APPROVE
800,98.27,14,1802,13.36,0,wallet,mobile,0,0,0,0,0,3,1,2.96,APPROVE
1185,221.46,23,735,15.31,2,wallet,pos_terminal,0,0,1,0,0,3,2,13.05,APPROVE
3477,61.42,22,1679,17.83,3,wallet,pos_terminal,0,0,0,0,0,3,2,5.88,APPROVE
2507,46.26,20,2578,10.42,1,credit_card,desktop,0,0,0,0,0,0,0,4.23,APPROVE
1128,37.3,12,2143,20.1,0,credit_card,pos_terminal,0,0,0,0,0,0,2,3.76,APPROVE
923,128.7,2,2164,17.05,3,debit_card,desktop,0,0,1,0,0,1,0,7.7,APPROVE
1341,49.68,2,620,9.1,2,credit_card,pos_terminal,0,0,1,0,0,0,2,7.71,APPROVE
2798,317.82,14,1677,18.3,2,wallet,mobile,0,1,0,0,0,3,1,15.71,APPROVE
2352,75.86,19,887,1.52,2,wallet,pos_terminal,0,0,0,0,0,3,2,3.63,APPROVE
2504,17.9,13,107,37.2,1,credit_card,mobile,0,0,0,0,0,0,1,5.2,APPROVE
2316,25.7,20,1509,10.05,0,wallet,pos_terminal,0,0,0,0,0,3,2,4.71,APPROVE
4477,35.43,17,365,2.93,3,net_banking,pos_terminal,0,0,0,0,0,2,2,4.42,APPROVE
4634,11.82,14,1640,9.72,0,net_banking,desktop,0,0,0,0,0,2,0,2.4,APPROVE
680,135.89,6,2612,33.15,1,debit_card,mobile,0,0,0,0,0,1,1,4.14,APPROVE
2383,45.11,18,393,4.39,2,wallet,mobile,0,0,0,0,0,3,1,2.67,APPROVE
576,12.73,12,2430,11.91,2,credit_card,desktop,0,0,0,0,0,0,0,3.3,APPROVE
2935,14.65,18,764,19.07,2,wallet,mobile,0,0,0,0,0,3,1,2.97,APPROVE
1711,5.06,3,820,3.16,3,credit_card,pos_terminal,0,0,1,0,0,0,2,9.29,APPROVE
3116,107.37,16,2074,7.2,3,wallet,desktop,0,0,0,0,0,3,0,3.99,APPROVE
4555,66.52,16,1101,6.55,1,net_banking,mobile,0,0,0,0,0,2,1,0.0,APPROVE
4571,89.89,14,207,50.15,2,wallet,desktop,0,0,0,0,0,3,0,11.04,APPROVE
2783,126.06,17,2693,8.95,1,wallet,pos_terminal,0,0,0,0,0,3,2,5.15,APPROVE
2459,41.1,6,1056,4.79,1,credit_card,desktop,0,0,0,0,0,0,0,2.63,APPROVE
3045,97.54,10,584,11.16,0,credit_card,pos_terminal,0,0,0,0,0,0,2,4.47,APPROVE
580,49.17,20,2623,14.74,2,net_banking,mobile,0,0,0,0,0,2,1,2.46,APPROVE
2479,126.47,5,46,1.8,3,credit_card,pos_terminal,0,0,0,0,0,0,2,9.2,APPROVE
1525,23.74,9,769,0.61,2,credit_card,mobile,0,0,0,0,0,0,1,1.96,APPROVE
2013,12.0,9,1381,0.71,1,debit_card,pos_terminal,0,0,0,0,0,1,2,1.98,APPROVE
2175,145.14,7,1955,7.01,3,net_banking,desktop,0,0,0,0,0,2,0,3.79,APPROVE
857,51.1,2,988,2.35,2,net_banking,desktop,0,0,1,0,0,2,0,5.65,APPROVE
2841,112.28,9,1215,2.32,2,wallet,pos_terminal,0,0,0,0,0,3,2,3.57,APPROVE
1278,12.3,15,2813,9.85,0,net_banking,desktop,0,0,0,0,0,2,0,4.59,APPROVE
1818,78.39,7,697,12.53,4,credit_card,mobile,0,0,0,0,0,0,1,6.21,APPROVE
2217,26.45,17,454,5.66,1,credit_card,desktop,0,0,0,0,0,0,0,3.13,APPROVE
3647,44.97,14,890,41.8,2,wallet,pos_terminal,0,0,0,0,0,3,2,5.31,APPROVE
4004,12.93,6,2718,27.9,3,net_banking,pos_terminal,0,0,0,0,0,2,2,6.61,APPROVE
1040,62.03,9,558,8.33,1,debit_card,mobile,0,0,0,0,0,1,1,0.89,APPROVE
1836,10.97,18,927,5.57,1,wallet,desktop,0,0,0,0,0,3,0,3.55,APPROVE
1916,173.86,18,498,48.18,0,credit_card,mobile,0,0,0,0,0,0,1,8.89,APPROVE
4101,44.47,17,1252,13.53,1,credit_card,mobile,0,0,0,0,0,0,1,1.43,APPROVE
3484,70.01,22,887,9.04,0,wallet,pos_terminal,0,0,0,0,0,3,2,6.09,APPROVE
398,111.18,10,2059,1.95,0,debit_card,pos_terminal,0,0,0,0,0,1,2,3.4,APPROVE
1756,256.67,21,368,6.39,0,net_banking,pos_terminal,0,0,0,0,0,2,2,8.29,APPROVE
4271,247.32,20,2452,3.85,1,debit_card,desktop,0,0,0,0,0,1,0,6.84,APPROVE
1503,33.39,9,911,0.15,0,wallet,mobile,0,0,0,0,0,3,1,3.45,APPROVE
4084,19.75,4,1531,5.11,1,net_banking,pos_terminal,0,0,1,0,0,2,2,4.83,APPROVE
4859,174.76,9,2364,6.72,5,wallet,desktop,0,0,0,0,0,3,0,11.33,APPROVE
2802,230.17,21,1044,3.0,4,wallet,mobile,0,0,0,0,0,3,1,10.38,APPROVE
3802,136.63,2,1693,7.22,2,debit_card,pos_terminal,0,0,1,0,0,1,2,6.75,APPROVE
2682,1.18,3,2735,6.4,3,credit_card,mobile,0,0,1,0,0,0,1,9.45,APPROVE
111,14.06,13,2436,3.47,1,net_banking,pos_terminal,0,0,0,0,0,2,2,2.63,APPROVE
230,126.71,7,1360,3.51,3,debit_card,pos_terminal,0,0,0,0,0,1,2,4.31,APPROVE
964,27.25,21,583,4.21,1,credit_card,pos_terminal,0,0,0,0,0,0,2,4.99,APPROVE
2928,112.27,20,806,1.39,1,credit_card,desktop,0,0,0,0,0,0,0,4.2,APPROVE
3361,25.39,18,994,1.97,1,wallet,mobile,0,0,0,0,0,3,1,2.59,APPROVE
3280,48.02,9,1000,46.93,4,debit_card,pos_terminal,0,0,0,0,0,1,2,8.93,APPROVE
2689,41.44,23,2398,8.17,3,debit_card,mobile,0,0,1,0,0,1,1,10.17,APPROVE
1382,278.97,11,1724,10.06,2,wallet,mobile,0,1,0,0,0,3,1,14.66,APPROVE
2494,57.28,4,2292,8.28,2,debit_card,desktop,0,0,1,0,0,1,0,5.46,APPROVE
1750,61.31,0,612,8.73,2,net_banking,mobile,0,0,1,0,0,2,1,5.95,APPROVE
4020,42.39,9,1652,68.67,0,net_banking,mobile,0,0,0,0,0,2,1,6.27,APPROVE
2542,149.62,0,411,1.15,2,debit_card,pos_terminal,0,0,1,0,0,1,2,9.98,APPROVE
3435,39.44,11,1431,22.27,1,credit_card,desktop,0,0,0,0,0,0,0,2.21,APPROVE
194,33.12,11,137,6.12,3,net_banking,mobile,0,0,0,0,0,2,1,3.3,APPROVE
424,4.74,4,1678,30.71,1,wallet,pos_terminal,0,0,1,0,0,3,2,8.28,APPROVE
1056,116.6,16,1511,15.22,0,wallet,desktop,0,0,0,0,0,3,0,4.42,APPROVE
4497,11.43,4,2671,20.5,0,debit_card,pos_terminal,0,0,1,0,0,1,2,8.61,APPROVE
3173,13.99,9,49,2.81,0,debit_card,mobile,0,0,0,0,0,1,1,4.11,APPROVE
818,4.51,14,117,52.63,0,credit_card,desktop,0,0,0,0,0,0,0,9.49,APPROVE
987,45.65,20,2877,3.85,0,credit_card,desktop,0,0,0,0,0,0,0,6.4,APPROVE
4195,16.53,5,372,28.69,2,credit_card,desktop,0,0,0,0,0,0,0,5.53,APPROVE
806,217.89,18,973,47.8,0,wallet,pos_terminal,0,0,0,0,0,3,2,10.51,APPROVE
1474,31.68,14,2265,18.5,3,credit_card,desktop,0,0,0,0,0,0,0,4.51,APPROVE
26,17.82,16,2170,27.33,1,credit_card,mobile,0,0,0,0,0,0,1,2.82,APPROVE
4432,51.56,6,86,0.39,0,debit_card,pos_terminal,0,0,0,0,0,1,2,5.6,APPROVE
3299,130.3,12,999,50.48,3,debit_card,pos_terminal,0,0,0,0,0,1,2,12.76,APPROVE
841,87.14,23,13,6.26,3,credit_card,desktop,0,0,1,0,1,0,0,21.8,APPROVE
2076,21.83,1,1296,9.86,1,debit_card,desktop,0,0,1,0,0,1,0,6.14,APPROVE
3546,6.91,3,1260,8.84,1,net_banking,mobile,0,0,1,0,0,2,1,4.36,APPROVE
3813,76.15,0,1621,2.82,3,debit_card,pos_terminal,0,0,1,0,0,1,2,7.79,APPROVE
1032,20.91,10,1630,5.64,2,debit_card,pos_terminal,0,0,0,0,0,1,2,1.26,APPROVE
4396,28.15,9,2732,33.22,0,credit_card,pos_terminal,0,0,0,0,0,0,2,6.75,APPROVE
2914,20.32,5,2909,14.84,2,debit_card,desktop,0,0,0,0,0,1,0,5.18,APPROVE
4214,81.24,0,1822,32.09,1,debit_card,mobile,0,0,1,0,0,1,1,6.65,APPROVE
2612,22.68,17,1063,11.71,0,credit_card,desktop,0,0,0,0,0,0,0,3.41,APPROVE
3971,62.86,4,2106,14.27,2,debit_card,mobile,0,0,1,0,0,1,1,4.06,APPROVE
3127,6.77,14,1439,16.0,1,debit_card,desktop,0,0,0,0,0,1,0,1.68,APPROVE
3025,37.46,21,806,7.66,1,debit_card,pos_terminal,0,0,0,0,0,1,2,2.98,APPROVE
2457,78.73,11,2134,15.6,3,wallet,pos_terminal,0,0,0,0,0,3,2,4.36,APPROVE
2658,19.06,5,2987,0.23,3,wallet,pos_terminal,0,0,0,0,0,3,2,9.54,APPROVE
1707,19.47,17,1032,2.41,0,debit_card,mobile,0,0,0,0,0,1,1,2.02,APPROVE
4106,268.89,23,1474,17.37,0,debit_card,pos_terminal,0,1,1,0,0,1,2,19.86,APPROVE
1482,62.91,17,206,38.05,3,debit_card,desktop,0,0,0,0,0,1,0,7.76,APPROVE
2650,18.74,8,1866,30.94,0,wallet,desktop,0,0,0,0,0,3,0,5.52,APPROVE
90,10.19,6,59,34.5,3,debit_card,desktop,0,0,0,0,0,1,0,7.67,APPROVE
2572,31.03,19,1080,40.18,0,debit_card,desktop,0,0,0,0,0,1,0,5.15,APPROVE
2800,125.85,4,2774,15.74,0,wallet,pos_terminal,0,0,1,0,0,3,2,10.5,APPROVE
906,136.06,0,2527,3.67,4,credit_card,mobile,0,0,1,0,0,0,1,12.19,APPROVE
4522,177.06,12,38,8.73,2,debit_card,mobile,0,0,0,0,0,1,1,3.63,APPROVE
3558,6.87,5,2341,8.65,1,net_banking,pos_terminal,0,0,0,0,0,2,2,3.72,APPROVE
1160,139.81,4,343,13.87,1,net_banking,desktop,0,0,1,0,0,2,0,7.0,APPROVE
1904,109.55,4,2824,6.34,1,net_banking,mobile,0,0,1,0,0,2,1,5.92,APPROVE
2519,102.61,12,1825,25.68,1,wallet,pos_terminal,0,0,0,0,0,3,2,4.16,APPROVE
1781,185.63,16,1090,14.56,0,debit_card,pos_terminal,0,0,0,0,0,1,2,3.96,APPROVE
2556,59.15,23,1199,25.93,3,credit_card,desktop,0,0,1,0,0,0,0,12.94,APPROVE
3626,0.05,4,2770,9.48,2,wallet,desktop,0,0,1,0,0,3,0,8.8,APPROVE
992,25.41,12,2944,2.16,0,net_banking,pos_terminal,0,0,0,0,0,2,2,4.84,APPROVE
2353,165.53,1,393,5.05,1,wallet,desktop,0,0,1,0,0,3,0,9.74,APPROVE
3961,39.92,18,204,6.9,3,wallet,mobile,0,0,0,0,0,3,1,4.71,APPROVE
1430,48.52,13,2116,25.51,1,debit_card,mobile,0,0,0,0,0,1,1,0.96,APPROVE
1349,3.27,19,1451,3.82,2,net_banking,mobile,0,0,0,0,0,2,1,1.59,APPROVE
1329,55.16,23,1635,6.52,1,wallet,pos_terminal,0,0,1,0,0,3,2,10.03,APPROVE
2145,137.91,20,1301,19.05,4,credit_card,desktop,0,0,0,0,0,0,0,9.3,APPROVE
2862,240.4,21,1246,29.13,3,credit_card,mobile,0,0,0,0,0,0,1,9.92,APPROVE
3278,32.47,1,2809,29.38,0,wallet,mobile,0,0,1,0,0,3,1,9.91,APPROVE
4549,128.22,6,492,21.26,0,net_banking,mobile,0,0,0,0,0,2,1,3.91,APPROVE
2292,18.55,15,2032,21.54,2,credit_card,pos_terminal,0,0,0,0,0,0,2,3.29,APPROVE
1710,13.19,14,539,2.8,0,debit_card,mobile,0,0,0,0,0,1,1,2.26,APPROVE
3968,71.01,19,499,27.16,1,wallet,mobile,0,0,0,0,0,3,1,4.07,APPROVE
478,278.69,10,1893,4.82,1,debit_card,mobile,0,1,0,0,0,1,1,13.43,APPROVE
3270,23.36,15,2748,30.43,0,credit_card,pos_terminal,0,0,0,0,0,0,2,6.63,APPROVE
3683,21.63,4,9,0.16,1,debit_card,desktop,0,0,1,0,1,1,0,18.31,APPROVE
431,114.67,1,1481,1.21,3,wallet,desktop,0,0,1,0,0,3,0,9.1,APPROVE
3550,130.29,20,543,22.43,1,credit_card,mobile,0,0,0,0,0,0,1,5.03,APPROVE
376,149.08,4,2047,8.34,1,debit_card,mobile,0,0,1,0,0,1,1,5.62,APPROVE
4232,35.53,13,2383,7.08,2,credit_card,desktop,0,0,0,0,0,0,0,2.59,APPROVE
3318,130.57,14,1226,11.08,0,debit_card,desktop,0,0,0,0,0,1,0,2.44,APPROVE
2252,88.5,22,2739,4.01,2,net_banking,desktop,0,0,0,0,0,2,0,5.31,APPROVE
3592,67.1,16,559,7.67,2,credit_card,pos_terminal,0,0,0,0,0,0,2,3.25,APPROVE
2795,72.03,20,1845,25.2,3,credit_card,desktop,0,0,0,0,0,0,0,5.89,APPROVE
1973,58.4,17,1142,9.56,0,net_banking,pos_terminal,0,0,0,0,0,2,2,1.97,APPROVE
406,39.44,16,387,9.75,0,debit_card,desktop,0,0,0,0,0,1,0,2.78,APPROVE
4328,7.21,18,1888,1.14,1,credit_card,desktop,0,0,0,0,0,0,0,3.92,APPROVE
1003,105.41,15,245,7.07,0,net_banking,pos_terminal,0,0,0,0,0,2,2,4.24,APPROVE
318,13.61,7,2291,5.56,1,credit_card,pos_terminal,0,0,0,0,0,0,2,4.09,APPROVE
723,108.11,2,652,23.04,1,credit_card,mobile,0,0,1,0,0,0,1,7.64,APPROVE
4118,12.37,21,330,8.57,0,debit_card,pos_terminal,0,0,0,0,0,1,2,5.35,APPROVE
3483,203.38,1,2489,21.46,0,debit_card,pos_terminal,0,0,1,0,0,1,2,11.82,APPROVE
2042,59.28,14,844,32.99,1,net_banking,mobile,0,0,0,0,0,2,1,1.16,APPROVE
4407,12.3,17,1601,3.43,0,credit_card,desktop,0,0,0,0,0,0,0,3.85,APPROVE
2259,45.62,13,1415,0.21,5,debit_card,pos_terminal,0,0,0,0,0,1,2,7.71,APPROVE
630,99.96,23,259,4.77,3,debit_card,desktop,0,0,1,0,0,1,0,11.78,APPROVE
2077,48.01,11,1686,51.94,1,debit_card,desktop,0,0,0,0,0,1,0,4.1,APPROVE
4361,74.18,5,10,13.31,3,credit_card,desktop,0,0,0,0,1,0,0,17.41,APPROVE
2186,163.96,10,1912,61.88,1,net_banking,desktop,0,0,0,0,0,2,0,9.08,APPROVE
810,335.13,1,2134,17.08,2,debit_card,mobile,0,1,1,0,0,1,1,18.1,APPROVE
4047,66.45,15,2381,0.34,0,credit_card,mobile,0,0,0,0,0,0,1,3.53,APPROVE
1708,77.32,12,1467,29.0,1,net_banking,pos_terminal,0,0,0,0,0,2,2,2.06,APPROVE
2335,38.74,21,332,49.44,0,net_banking,desktop,0,0,0,0,0,2,0,8.72,APPROVE
2602,110.47,2,871,5.42,0,debit_card,mobile,0,0,1,0,0,1,1,5.9,APPROVE
2129,44.62,7,1393,3.0,2,net_banking,desktop,0,0,0,0,0,2,0,1.91,APPROVE
11,280.28,20,2539,28.95,1,net_banking,pos_terminal,0,1,0,0,0,2,2,16.57,APPROVE
4523,72.69,11,629,24.83,2,wallet,pos_terminal,0,0,0,0,0,3,2,3.84,APPROVE
4260,9.79,10,1177,5.19,2,debit_card,pos_terminal,0,0,0,0,0,1,2,1.68,APPROVE
4182,91.7,2,2226,21.39,4,net_banking,desktop,0,0,1,0,0,2,0,10.22,APPROVE
1411,9.5,2,1840,83.38,3,credit_card,mobile,0,0,1,0,0,0,1,14.92,APPROVE
3925,2.09,0,1670,14.18,2,wallet,desktop,0,0,1,0,0,3,0,8.19,APPROVE
3303,30.99,12,2292,1.11,0,wallet,mobile,0,0,0,0,0,3,1,3.59,APPROVE
2408,354.07,16,644,3.94,5,net_banking,mobile,0,1,0,0,0,2,1,22.98,APPROVE
2407,19.66,0,152,29.08,0,credit_card,mobile,0,0,1,0,0,0,1,11.64,APPROVE
2027,318.33,18,1791,11.9,1,net_banking,desktop,0,1,0,0,0,2,0,14.12,APPROVE
250,27.9,17,1906,29.28,0,wallet,desktop,0,0,0,0,0,3,0,5.29,APPROVE
4169,8.13,13,843,14.37,1,debit_card,pos_terminal,0,0,0,0,0,1,2,1.71,APPROVE
3866,42.64,6,1130,9.0,4,net_banking,pos_terminal,0,0,0,0,0,2,2,5.35,APPROVE
4267,5.07,1,2500,12.0,0,net_banking,mobile,0,0,1,0,0,2,1,7.23,APPROVE
2220,97.31,14,507,20.68,2,net_banking,pos_terminal,0,0,0,0,0,2,2,3.61,APPROVE
2790,99.51,2,638,0.19,3,credit_card,pos_terminal,0,0,1,0,0,0,2,9.83,APPROVE
28,76.54,10,2224,433.93,5,credit_card,mobile,1,0,0,0,0,0,1,51.32,MANUAL REVIEW
1611,84.19,12,159,1.44,1,net_banking,pos_terminal,0,0,0,0,0,2,2,3.18,APPROVE
2638,240.9,12,724,12.58,2,wallet,desktop,0,0,0,0,0,3,0,5.4,APPROVE
2633,14.61,5,1203,18.3,3,net_banking,mobile,0,0,0,0,0,2,1,2.99,APPROVE
1676,6.75,14,67,8.15,2,wallet,pos_terminal,0,0,0,0,0,3,2,5.11,APPROVE
1171,317.85,19,2909,13.12,1,wallet,desktop,0,1,0,0,0,3,0,16.99,APPROVE
3820,34.56,3,1404,20.57,1,credit_card,desktop,0,0,1,0,0,0,0,7.34,APPROVE
14,16.05,22,1711,14.82,1,net_banking,mobile,0,0,0,0,0,2,1,2.52,APPROVE
2039,23.12,18,1215,9.5,1,debit_card,desktop,0,0,0,0,0,1,0,1.51,APPROVE
4872,17.52,17,2063,8.18,1,wallet,mobile,0,0,0,0,0,3,1,2.35,APPROVE
2465,17.98,8,2124,49.84,2,credit_card,pos_terminal,0,0,0,0,0,0,2,6.38,APPROVE
1164,14.02,15,1622,6.38,1,wallet,pos_terminal,0,0,0,0,0,3,2,3.02,APPROVE
963,39.45,5,592,5.26,2,debit_card,pos_terminal,0,0,0,0,0,1,2,3.01,APPROVE
3007,0.98,10,2632,40.42,1,credit_card,mobile,0,0,0,0,0,0,1,5.8,APPROVE
4641,30.02,12,1385,33.68,1,credit_card,desktop,0,0,0,0,0,0,0,3.06,APPROVE
2894,13.15,10,1449,11.22,0,wallet,mobile,0,0,0,0,0,3,1,2.9,APPROVE
2767,22.15,21,1345,34.28,3,net_banking,pos_terminal,0,0,0,0,0,2,2,8.69,APPROVE
2327,0.13,19,1360,0.53,3,debit_card,mobile,0,0,0,0,0,1,1,3.57,APPROVE
4246,23.11,18,1960,0.94,1,wallet,mobile,0,0,0,0,0,3,1,2.83,APPROVE
2539,117.2,23,396,0.39,3,debit_card,pos_terminal,0,0,1,0,0,1,2,12.65,APPROVE
97,975.54,10,1528,112.56,7,credit_card,pos_terminal,1,1,0,1,0,0,2,92.38,BLOCK / INVESTIGATE
2527,252.56,13,1750,1.0,3,wallet,mobile,0,0,0,0,0,3,1,7.37,APPROVE
3208,46.27,0,569,0.86,1,net_banking,pos_terminal,0,0,1,0,0,2,2,7.69,APPROVE
1880,93.41,2,1965,2.63,3,credit_card,pos_terminal,0,0,1,0,0,0,2,9.44,APPROVE
2355,10.28,11,2447,1.13,5,net_banking,desktop,0,0,0,0,0,2,0,9.28,APPROVE
795,164.54,11,1356,10.13,2,credit_card,mobile,0,0,0,0,0,0,1,2.2,APPROVE
4249,278.74,21,1169,9.15,0,net_banking,pos_terminal,0,1,0,0,0,2,2,16.13,APPROVE
1381,39.69,6,1652,12.08,2,credit_card,mobile,0,0,0,0,0,0,1,1.84,APPROVE
4077,25.83,5,1545,23.74,1,credit_card,pos_terminal,0,0,0,0,0,0,2,4.31,APPROVE
1402,2.99,10,621,28.24,2,net_banking,mobile,0,0,0,0,0,2,1,2.14,APPROVE
3244,96.89,2,6,8.53,2,net_banking,mobile,0,0,1,0,1,2,1,17.23,APPROVE
3413,35.76,5,554,7.47,2,credit_card,pos_terminal,0,0,0,0,0,0,2,4.64,APPROVE
2372,94.34,14,2258,32.08,1,debit_card,mobile,0,0,0,0,0,1,1,1.86,APPROVE
1062,116.98,12,2655,34.87,1,wallet,mobile,0,0,0,0,0,3,1,5.84,APPROVE
1579,63.3,8,1003,4.78,3,credit_card,pos_terminal,0,0,0,0,0,0,2,4.79,APPROVE
4785,37.84,18,1947,73.98,3,wallet,desktop,0,0,0,0,0,3,0,11.72,APPROVE
3844,14.06,22,2112,26.92,0,credit_card,desktop,0,0,0,0,0,0,0,8.02,APPROVE
1310,6.68,16,2404,13.47,3,credit_card,mobile,0,0,0,0,0,0,1,3.74,APPROVE
3047,34.04,2,2223,12.54,1,wallet,desktop,0,0,1,0,0,3,0,6.92,APPROVE
2041,65.9,22,2522,0.81,2,debit_card,pos_terminal,0,0,0,0,0,1,2,5.14,APPROVE
1126,7.28,8,1964,36.92,3,debit_card,desktop,0,0,0,0,0,1,0,5.99,APPROVE
522,280.3,14,2373,54.89,3,wallet,pos_terminal,0,1,0,0,0,3,2,32.26,APPROVE
3105,45.59,7,1052,22.64,1,wallet,mobile,0,0,0,0,0,3,1,2.51,APPROVE
1560,34.88,12,2336,5.1,0,net_banking,pos_terminal,0,0,0,0,0,2,2,2.89,APPROVE
3295,5.51,6,2514,5.14,1,debit_card,desktop,0,0,0,0,0,1,0,3.51,APPROVE
4747,3.18,22,95,17.59,1,debit_card,desktop,0,0,0,0,0,1,0,6.32,APPROVE
772,10.91,19,907,18.42,3,wallet,mobile,0,0,0,0,0,3,1,3.85,APPROVE
1193,77.6,16,2198,19.21,3,debit_card,pos_terminal,0,0,0,0,0,1,2,4.75,APPROVE
3099,45.47,14,851,2.54,1,credit_card,pos_terminal,0,0,0,0,0,0,2,2.35,APPROVE
1699,63.8,23,2969,0.07,1,wallet,mobile,0,0,1,0,0,3,1,11.42,APPROVE
3531,128.08,4,2592,0.63,3,net_banking,pos_terminal,0,0,1,0,0,2,2,9.58,APPROVE
932,332.85,19,419,12.39,0,debit_card,mobile,0,1,0,0,0,1,1,17.42,APPROVE
1473,41.42,21,261,60.48,1,debit_card,pos_terminal,0,0,0,0,0,1,2,10.15,APPROVE
4000,67.89,23,2189,17.49,3,debit_card,pos_terminal,0,0,1,0,0,1,2,11.5,APPROVE
3901,38.12,12,2564,27.94,2,debit_card,pos_terminal,0,0,0,0,0,1,2,3.22,APPROVE
3842,51.64,8,2094,0.05,2,credit_card,pos_terminal,0,0,0,0,0,0,2,3.86,APPROVE
1540,98.77,23,143,15.37,3,net_banking,pos_terminal,0,0,1,0,0,2,2,11.72,APPROVE
3096,301.81,16,396,67.93,2,net_banking,pos_terminal,0,1,0,0,0,2,2,22.03,APPROVE
407,0.87,6,1252,8.43,2,credit_card,desktop,0,0,0,0,0,0,0,3.59,APPROVE
4316,102.43,18,1360,41.08,2,credit_card,mobile,0,0,0,0,0,0,1,6.08,APPROVE
1395,141.23,12,2562,10.21,1,credit_card,pos_terminal,0,0,0,0,0,0,2,4.8,APPROVE
4312,10.62,16,1866,18.85,3,net_banking,mobile,0,0,0,0,0,2,1,2.56,APPROVE
3838,217.14,2,143,1.2,2,debit_card,pos_terminal,0,0,1,0,0,1,2,11.03,APPROVE
1055,34.55,15,1413,17.23,1,wallet,desktop,0,0,0,0,0,3,0,2.04,APPROVE
659,67.66,19,821,7.09,1,credit_card,mobile,0,0,0,0,0,0,1,2.26,APPROVE
3583,157.17,0,705,4.21,2,net_banking,mobile,0,0,1,0,0,2,1,7.1,APPROVE
2023,4.29,6,371,12.26,1,wallet,mobile,0,0,0,0,0,3,1,4.05,APPROVE
1073,1.44,19,2604,13.54,4,wallet,pos_terminal,0,0,0,0,0,3,2,8.75,APPROVE
2500,140.6,8,1678,1.41,2,net_banking,pos_terminal,0,0,0,0,0,2,2,2.93,APPROVE
639,37.89,20,2213,13.8,1,credit_card,pos_terminal,0,0,0,0,0,0,2,3.96,APPROVE
2590,138.32,17,441,7.45,3,credit_card,desktop,0,0,0,0,0,0,0,5.46,APPROVE
3051,52.78,10,2476,21.46,3,net_banking,mobile,0,0,0,0,0,2,1,3.01,APPROVE
3362,94.31,0,1518,17.58,1,net_banking,pos_terminal,0,0,1,0,0,2,2,6.68,APPROVE
4086,11.23,7,1146,7.58,1,credit_card,desktop,0,0,0,0,0,0,0,2.94,APPROVE
2262,178.44,11,142,57.06,5,net_banking,mobile,0,0,0,0,0,2,1,28.53,APPROVE
3443,434.66,9,2232,2.22,1,net_banking,desktop,0,1,0,0,0,2,0,16.79,APPROVE
2580,10.49,23,2582,24.19,3,debit_card,mobile,0,0,1,0,0,1,1,12.25,APPROVE
4284,64.3,1,2007,8.6,1,debit_card,pos_terminal,0,0,1,0,0,1,2,5.76,APPROVE
2707,24.69,9,2683,39.06,0,wallet,mobile,0,0,0,0,0,3,1,6.77,APPROVE
1603,35.08,20,882,18.7,0,credit_card,desktop,0,0,0,0,0,0,0,5.22,APPROVE
1188,28.64,23,601,8.36,5,wallet,mobile,0,0,1,0,0,3,1,14.47,APPROVE
1958,80.89,17,868,4.94,0,credit_card,pos_terminal,0,0,0,0,0,0,2,3.75,APPROVE
1103,210.21,15,1915,25.78,4,net_banking,pos_terminal,0,0,0,0,0,2,2,15.45,APPROVE
3797,8.72,20,1173,14.73,3,credit_card,desktop,0,0,0,0,0,0,0,5.38,APPROVE
1580,21.11,10,659,2.79,0,net_banking,mobile,0,0,0,0,0,2,1,2.02,APPROVE
1064,43.77,11,334,22.65,0,debit_card,desktop,0,0,0,0,0,1,0,3.46,APPROVE
1493,6.08,16,2030,7.26,1,credit_card,desktop,0,0,0,0,0,0,0,3.08,APPROVE
440,7.09,10,2600,2.07,4,net_banking,mobile,0,0,0,0,0,2,1,5.75,APPROVE
754,12.0,7,26,13.59,0,net_banking,mobile,0,0,0,0,1,2,1,15.24,APPROVE
2193,65.76,10,2839,14.97,1,wallet,desktop,0,0,0,0,0,3,0,4.34,APPROVE
2358,61.08,9,2182,7.87,2,net_banking,pos_terminal,0,0,0,0,0,2,2,1.62,APPROVE
2520,94.35,21,344,4.84,0,net_banking,desktop,0,0,0,0,0,2,0,5.21,APPROVE
4423,104.35,10,1461,0.22,3,debit_card,pos_terminal,0,0,0,0,0,1,2,4.98,APPROVE
2188,124.26,3,1393,23.72,1,debit_card,pos_terminal,0,0,1,0,0,1,2,6.63,APPROVE
2464,77.55,1,501,19.24,1,credit_card,mobile,0,0,1,0,0,0,1,8.04,APPROVE
3301,469.75,18,2669,42.29,1,net_banking,desktop,0,1,0,0,0,2,0,20.6,APPROVE
3737,111.28,17,830,8.66,4,wallet,pos_terminal,0,0,0,0,0,3,2,8.08,APPROVE
817,40.73,11,560,0.13,2,debit_card,pos_terminal,0,0,0,0,0,1,2,2.49,APPROVE
2401,5.95,11,1020,14.46,2,net_banking,mobile,0,0,0,0,0,2,1,0.76,APPROVE
3255,12.33,18,1690,10.91,2,net_banking,desktop,0,0,0,0,0,2,0,1.96,APPROVE
4297,13.14,9,655,2.12,2,wallet,desktop,0,0,0,0,0,3,0,3.32,APPROVE
559,77.47,15,2913,45.64,1,net_banking,pos_terminal,0,0,0,0,0,2,2,6.66,APPROVE
104,190.5,13,2304,23.32,1,wallet,desktop,0,0,0,0,0,3,0,5.04,APPROVE
3141,202.83,23,1799,21.28,1,net_banking,mobile,0,0,1,0,0,2,1,10.32,APPROVE
1888,103.71,23,878,2.86,1,wallet,pos_terminal,0,0,1,0,0,3,2,10.98,APPROVE
1227,25.64,14,2903,12.65,0,wallet,mobile,0,0,0,0,0,3,1,4.76,APPROVE
3329,88.97,9,1709,9.02,1,debit_card,desktop,0,0,0,0,0,1,0,0.79,APPROVE
2004,25.39,17,559,39.89,1,debit_card,pos_terminal,0,0,0,0,0,1,2,4.75,APPROVE
1863,63.0,5,2317,5.75,1,credit_card,mobile,0,0,0,0,0,0,1,3.42,APPROVE
4386,257.09,1,453,6.44,1,debit_card,pos_terminal,0,0,1,0,0,1,2,10.91,APPROVE
4338,38.66,7,2923,33.37,1,debit_card,mobile,0,0,0,0,0,1,1,4.0,APPROVE
3054,85.55,3,2113,7.84,0,credit_card,desktop,0,0,1,0,0,0,0,8.25,APPROVE
444,134.05,20,2747,26.25,0,credit_card,pos_terminal,0,0,0,0,0,0,2,8.4,APPROVE
1955,216.38,21,2064,0.29,1,net_banking,desktop,0,0,0,0,0,2,0,6.35,APPROVE
3259,180.82,17,1827,12.68,3,wallet,mobile,0,0,0,0,0,3,1,6.08,APPROVE
2345,88.35,22,458,18.01,3,debit_card,desktop,0,0,0,0,0,1,0,7.22,APPROVE
1105,15.28,14,1309,13.88,7,net_banking,desktop,0,0,0,1,0,2,0,18.51,APPROVE
4370,18.08,9,2353,0.54,1,wallet,mobile,0,0,0,0,0,3,1,3.0,APPROVE
1067,9.37,14,362,13.07,4,debit_card,pos_terminal,0,0,0,0,0,1,2,7.18,APPROVE
4126,91.06,21,1006,31.34,3,wallet,pos_terminal,0,0,0,0,0,3,2,20.36,APPROVE
2215,29.08,1,1852,12.21,1,net_banking,desktop,0,0,1,0,0,2,0,5.98,APPROVE
746,38.75,17,1998,1.66,2,debit_card,mobile,0,0,0,0,0,1,1,1.03,APPROVE
4208,7.2,12,2771,11.97,2,debit_card,pos_terminal,0,0,0,0,0,1,2,3.36,APPROVE
3205,145.57,16,2654,11.77,3,debit_card,desktop,0,0,0,0,0,1,0,4.85,APPROVE
3503,2.44,21,1396,3.08,2,credit_card,pos_terminal,0,0,0,0,0,0,2,4.78,APPROVE
3957,43.53,1,1299,17.07,1,debit_card,mobile,0,0,1,0,0,1,1,4.77,APPROVE
95,23.85,22,1935,273.38,3,wallet,pos_terminal,1,0,0,0,0,3,2,30.22,APPROVE
4009,4.67,23,2796,5.18,3,net_banking,desktop,0,0,1,0,0,2,0,12.09,APPROVE
458,4.64,18,2832,36.77,1,debit_card,desktop,0,0,0,0,0,1,0,5.8,APPROVE
4756,0.8,1,2179,1.37,2,wallet,mobile,0,0,1,0,0,3,1,7.8,APPROVE
3704,235.24,16,2957,7.69,2,net_banking,mobile,0,0,0,0,0,2,1,5.65,APPROVE
796,215.2,6,739,13.71,3,net_banking,desktop,0,0,0,0,0,2,0,5.96,APPROVE
651,61.62,8,320,2.23,0,debit_card,desktop,0,0,0,0,0,1,0,3.68,APPROVE
1931,65.95,14,1559,5.16,1,net_banking,desktop,0,0,0,0,0,2,0,0.78,APPROVE
3786,68.8,2,2388,33.2,2,net_banking,desktop,0,0,1,0,0,2,0,7.88,APPROVE
2071,58.62,8,897,40.66,3,credit_card,pos_terminal,0,0,0,0,0,0,2,7.36,APPROVE
4487,35.06,23,306,20.45,0,debit_card,pos_terminal,0,0,1,0,0,1,2,12.17,APPROVE
2753,33.87,15,1794,25.48,3,credit_card,desktop,0,0,0,0,0,0,0,4.71,APPROVE
1460,40.05,0,1253,0.42,3,credit_card,pos_terminal,0,0,1,0,0,0,2,10.16,APPROVE
2710,118.67,19,1518,47.82,3,debit_card,desktop,0,0,0,0,0,1,0,16.07,APPROVE
3700,75.63,3,1478,11.07,5,debit_card,desktop,0,0,1,0,0,1,0,10.5,APPROVE
2272,53.5,15,2697,24.37,0,net_banking,mobile,0,0,0,0,0,2,1,3.07,APPROVE
4141,11.56,7,1284,34.14,0,wallet,mobile,0,0,0,0,0,3,1,5.07,APPROVE
3587,114.99,4,32,13.57,0,credit_card,mobile,0,0,1,0,0,0,1,9.55,APPROVE
4590,68.46,23,2613,13.57,1,debit_card,pos_terminal,0,0,1,0,0,1,2,11.39,APPROVE
1072,3.44,2,2064,1.95,2,net_banking,desktop,0,0,1,0,0,2,0,6.02,APPROVE
3517,38.97,8,2738,3.21,0,debit_card,mobile,0,0,0,0,0,1,1,2.91,APPROVE
4168,30.26,14,2719,0.85,3,wallet,desktop,0,0,0,0,0,3,0,5.37,APPROVE
1019,2.76,6,1802,0.84,0,wallet,desktop,0,0,0,0,0,3,0,5.74,APPROVE
3735,50.94,22,1793,7.07,2,wallet,desktop,0,0,0,0,0,3,0,4.35,APPROVE
3951,144.12,1,2973,67.19,2,wallet,mobile,0,0,1,0,0,3,1,14.77,APPROVE
425,63.8,21,449,0.06,1,wallet,pos_terminal,0,0,0,0,0,3,2,5.79,APPROVE
1234,84.37,20,2669,9.47,3,wallet,desktop,0,0,0,0,0,3,0,5.71,APPROVE
2919,28.87,15,2738,45.27,0,wallet,desktop,0,0,0,0,0,3,0,9.22,APPROVE
1772,178.11,16,1747,13.79,0,credit_card,mobile,0,0,0,0,0,0,1,3.49,APPROVE
1922,77.32,21,858,17.57,1,wallet,mobile,0,0,0,0,0,3,1,3.73,APPROVE
4481,51.05,3,1173,33.44,1,net_banking,mobile,0,0,1,0,0,2,1,5.5,APPROVE
79,9.85,16,570,1.73,0,net_banking,pos_terminal,0,0,0,0,0,2,2,3.52,APPROVE
4779,21.28,17,2884,5.17,2,credit_card,pos_terminal,0,0,0,0,0,0,2,5.41,APPROVE
3723,16.44,2,757,0.09,2,debit_card,mobile,0,0,1,0,0,1,1,5.83,APPROVE
1988,45.94,1,812,8.63,1,debit_card,desktop,0,0,1,0,0,1,0,6.24,APPROVE
3545,13.47,16,46,2.32,0,net_banking,desktop,0,0,0,0,0,2,0,5.47,APPROVE
3572,146.66,6,1977,0.43,0,net_banking,desktop,0,0,0,0,0,2,0,4.41,APPROVE
4604,111.31,23,32,5.97,2,wallet,desktop,0,0,1,0,0,3,0,12.61,APPROVE
49,16.35,20,2066,2.98,3,net_banking,mobile,0,0,0,0,0,2,1,2.87,APPROVE
968,66.85,9,1569,13.95,3,net_banking,mobile,0,0,0,0,0,2,1,1.54,APPROVE
3085,91.18,1,16,60.73,0,credit_card,pos_terminal,0,0,1,0,1,0,2,23.43,APPROVE
3174,5.85,16,462,0.56,1,net_banking,desktop,0,0,0,0,0,2,0,2.78,APPROVE
1271,157.36,11,57,2.95,1,wallet,desktop,0,0,0,0,0,3,0,5.6,APPROVE
1118,24.7,7,104,14.93,1,credit_card,desktop,0,0,0,0,0,0,0,4.7,APPROVE
3642,50.5,23,1067,8.13,4,credit_card,mobile,0,0,1,0,0,0,1,12.35,APPROVE
1290,40.46,2,2294,2.87,1,debit_card,desktop,0,0,1,0,0,1,0,5.89,APPROVE
2299,33.1,10,1000,33.76,1,net_banking,mobile,0,0,0,0,0,2,1,1.58,APPROVE
3611,12.35,23,1220,35.05,1,wallet,pos_terminal,0,0,1,0,0,3,2,12.76,APPROVE
678,279.12,18,2819,1.68,0,credit_card,mobile,0,1,0,0,0,0,1,16.91,APPROVE
240,225.69,9,2629,8.64,2,net_banking,mobile,0,0,0,0,0,2,1,4.73,APPROVE
3475,129.89,18,1318,11.8,2,debit_card,desktop,0,0,0,0,0,1,0,2.31,APPROVE
1552,136.82,4,1349,12.98,2,credit_card,desktop,0,0,1,0,0,0,0,7.73,APPROVE
1357,43.82,19,1401,9.47,2,debit_card,mobile,0,0,0,0,0,1,1,0.73,APPROVE
2588,22.16,0,1704,11.69,4,net_banking,mobile,0,0,1,0,0,2,1,8.24,APPROVE
278,96.84,5,553,17.0,1,credit_card,mobile,0,0,0,0,0,0,1,3.92,APPROVE
2264,74.73,13,46,10.1,2,net_banking,pos_terminal,0,0,0,0,0,2,2,3.97,APPROVE
3928,93.19,15,840,5.04,1,wallet,mobile,0,0,0,0,0,3,1,1.84,APPROVE
984,104.21,15,848,3.56,3,credit_card,mobile,0,0,0,0,0,0,1,3.55,APPROVE
2992,64.36,15,1877,1.12,2,debit_card,pos_terminal,0,0,0,0,0,1,2,1.53,APPROVE
3705,172.93,7,2919,23.81,2,credit_card,pos_terminal,0,0,0,0,0,0,2,8.17,APPROVE
3663,2.84,19,692,5.32,4,wallet,mobile,0,0,0,0,0,3,1,6.78,APPROVE
3749,172.74,13,178,0.51,2,debit_card,desktop,0,0,0,0,0,1,0,4.18,APPROVE
4589,104.54,16,2710,4.96,1,credit_card,desktop,0,0,0,0,0,0,0,3.83,APPROVE
2543,76.07,1,2332,3.16,2,net_banking,mobile,0,0,1,0,0,2,1,5.66,APPROVE
1494,74.0,5,1925,42.26,1,net_banking,desktop,0,0,0,0,0,2,0,4.82,APPROVE
623,53.01,11,2111,5.95,4,credit_card,desktop,0,0,0,0,0,0,0,6.88,APPROVE
1093,57.51,20,2721,1.17,0,credit_card,pos_terminal,0,0,0,0,0,0,2,6.28,APPROVE
2662,19.44,0,1255,1.08,1,net_banking,mobile,0,0,1,0,0,2,1,5.65,APPROVE
3846,283.65,0,459,12.46,1,wallet,pos_terminal,0,1,1,0,0,3,2,19.11,APPROVE
615,202.94,0,2260,9.61,0,credit_card,pos_terminal,0,0,1,0,0,0,2,12.8,APPROVE
1957,43.75,0,1320,69.95,1,credit_card,pos_terminal,0,0,1,0,0,0,2,14.07,APPROVE
4646,90.59,21,59,17.92,2,credit_card,pos_terminal,0,0,0,0,0,0,2,7.58,APPROVE
4539,7.35,6,2976,1.74,1,wallet,pos_terminal,0,0,0,0,0,3,2,7.34,APPROVE
2999,164.09,0,2675,20.71,3,net_banking,desktop,0,0,1,0,0,2,0,11.7,APPROVE
1005,86.02,8,1677,16.42,1,net_banking,desktop,0,0,0,0,0,2,0,1.13,APPROVE
1208,25.58,12,1416,5.97,2,wallet,pos_terminal,0,0,0,0,0,3,2,2.21,APPROVE
4771,41.33,1,1285,39.42,2,credit_card,desktop,0,0,1,0,0,0,0,10.2,APPROVE
2899,3.06,4,2308,0.58,0,debit_card,pos_terminal,0,0,1,0,0,1,2,8.44,APPROVE
1513,1.47,2,1142,47.92,3,wallet,mobile,0,0,1,0,0,3,1,11.4,APPROVE
2267,97.02,22,664,21.33,2,credit_card,mobile,0,0,0,0,0,0,1,4.94,APPROVE
3083,70.86,12,1549,22.67,2,wallet,mobile,0,0,0,0,0,3,1,1.67,APPROVE
637,22.22,4,1787,1.62,4,debit_card,mobile,0,0,1,0,0,1,1,7.74,APPROVE
1197,277.59,15,783,41.21,2,wallet,pos_terminal,0,1,0,0,0,3,2,17.09,APPROVE
1572,106.81,22,2538,11.79,2,credit_card,mobile,0,0,0,0,0,0,1,4.52,APPROVE
4769,33.92,8,2085,7.21,4,net_banking,pos_terminal,0,0,0,0,0,2,2,5.74,APPROVE
1686,204.86,7,2750,41.04,2,net_banking,pos_terminal,0,0,0,0,0,2,2,9.47,APPROVE
39,480.1,2,2483,453.15,2,net_banking,desktop,1,1,1,0,0,2,0,47.56,MANUAL REVIEW
1928,82.25,12,2052,5.98,4,net_banking,pos_terminal,0,0,0,0,0,2,2,5.72,APPROVE
1035,95.33,2,2810,16.26,1,credit_card,mobile,0,0,1,0,0,0,1,7.75,APPROVE
441,345.24,9,1521,4.11,4,net_banking,desktop,0,1,0,0,0,2,0,23.05,APPROVE
4492,67.03,15,712,12.72,2,wallet,mobile,0,0,0,0,0,3,1,1.73,APPROVE
1989,104.6,7,1823,29.08,0,credit_card,pos_terminal,0,0,0,0,0,0,2,6.28,APPROVE
1279,55.27,18,711,17.09,3,credit_card,mobile,0,0,0,0,0,0,1,3.49,APPROVE
1852,158.08,14,1501,15.5,0,wallet,mobile,0,0,0,0,0,3,1,3.65,APPROVE
2734,228.79,8,1672,55.88,2,net_banking,mobile,0,0,0,0,0,2,1,8.8,APPROVE
4628,83.01,16,2161,8.73,3,net_banking,desktop,0,0,0,0,0,2,0,2.9,APPROVE
4058,176.52,7,1124,35.74,2,debit_card,mobile,0,0,0,0,0,1,1,3.65,APPROVE
1533,25.46,1,248,0.65,1,debit_card,mobile,0,0,1,0,0,1,1,7.14,APPROVE
3431,374.04,12,755,12.36,1,credit_card,desktop,0,1,0,0,0,0,0,16.07,APPROVE
3106,102.83,19,2842,14.96,2,wallet,mobile,0,0,0,0,0,3,1,4.77,APPROVE
3533,28.46,6,2522,14.09,2,wallet,mobile,0,0,0,0,0,3,1,3.53,APPROVE
2664,74.87,23,1378,9.6,1,net_banking,mobile,0,0,1,0,0,2,1,7.74,APPROVE
448,37.76,8,231,19.19,2,wallet,pos_terminal,0,0,0,0,0,3,2,5.31,APPROVE
1764,13.01,19,699,47.8,2,debit_card,mobile,0,0,0,0,0,1,1,4.39,APPROVE
3411,11.15,19,2730,20.18,1,wallet,desktop,0,0,0,0,0,3,0,5.86,APPROVE
3210,13.98,18,832,0.81,1,debit_card,mobile,0,0,0,0,0,1,1,1.83,APPROVE
2797,77.9,14,2767,10.43,3,wallet,mobile,0,0,0,0,0,3,1,4.11,APPROVE
1600,17.04,8,667,5.38,2,debit_card,desktop,0,0,0,0,0,1,0,1.81,APPROVE
1058,52.29,9,715,13.23,2,net_banking,pos_terminal,0,0,0,0,0,2,2,1.72,APPROVE
4369,16.31,8,1079,5.91,1,net_banking,mobile,0,0,0,0,0,2,1,0.8,APPROVE
3931,15.99,22,864,13.58,2,debit_card,pos_terminal,0,0,0,0,0,1,2,4.07,APPROVE
4383,66.78,0,626,20.8,1,wallet,mobile,0,0,1,0,0,3,1,7.9,APPROVE
2566,21.16,10,569,5.89,2,credit_card,pos_terminal,0,0,0,0,0,0,2,3.31,APPROVE
2631,97.35,2,1135,8.53,1,net_banking,desktop,0,0,1,0,0,2,0,5.3,APPROVE
1965,70.89,20,2054,11.32,1,debit_card,pos_terminal,0,0,0,0,0,1,2,2.53,APPROVE
618,131.27,23,2179,21.41,0,wallet,desktop,0,0,1,0,0,3,0,12.52,APPROVE
3409,3.3,8,2234,4.47,1,credit_card,pos_terminal,0,0,0,0,0,0,2,3.72,APPROVE
2487,159.34,5,966,1.91,0,credit_card,mobile,0,0,0,0,0,0,1,5.39,APPROVE
2844,68.85,17,2609,0.69,5,wallet,mobile,0,0,0,0,0,3,1,9.1,APPROVE
3745,19.11,6,2023,24.76,2,wallet,pos_terminal,0,0,0,0,0,3,2,5.02,APPROVE
3727,7.75,6,1847,26.57,1,wallet,pos_terminal,0,0,0,0,0,3,2,5.25,APPROVE
1529,61.98,14,740,5.46,2,debit_card,desktop,0,0,0,0,0,1,0,1.17,APPROVE
2180,29.14,11,2250,28.41,3,wallet,desktop,0,0,0,0,0,3,0,4.32,APPROVE
1236,159.82,12,397,13.32,2,wallet,pos_terminal,0,0,0,0,0,3,2,4.71,APPROVE
2385,69.82,17,2964,16.63,5,credit_card,desktop,0,0,0,0,0,0,0,11.29,APPROVE
2814,66.61,16,2487,19.06,0,wallet,desktop,0,0,0,0,0,3,0,4.92,APPROVE
2052,14.5,0,2474,3.66,2,credit_card,mobile,0,0,1,0,0,0,1,8.43,APPROVE
1667,213.42,15,1279,12.37,2,debit_card,mobile,0,0,0,0,0,1,1,2.95,APPROVE
816,71.58,1,1274,3.13,0,net_banking,mobile,0,0,1,0,0,2,1,5.76,APPROVE
3547,53.02,23,1072,6.58,2,net_banking,pos_terminal,0,0,1,0,0,2,2,9.01,APPROVE
3348,30.13,23,1886,7.65,1,debit_card,desktop,0,0,1,0,0,1,0,9.16,APPROVE
2404,90.44,6,2531,7.1,1,debit_card,mobile,0,0,0,0,0,1,1,1.72,APPROVE
2714,0.11,11,1604,1.9,2,net_banking,desktop,0,0,0,0,0,2,0,2.33,APPROVE
152,12.52,20,586,2.89,2,wallet,mobile,0,0,0,0,0,3,1,3.58,APPROVE
1451,76.95,18,581,14.35,0,net_banking,mobile,0,0,0,0,0,2,1,2.43,APPROVE
269,27.8,17,1644,0.13,0,debit_card,pos_terminal,0,0,0,0,0,1,2,2.85,APPROVE
3486,35.07,12,1190,21.98,1,wallet,mobile,0,0,0,0,0,3,1,1.49,APPROVE
2978,97.31,12,2867,3.59,0,credit_card,pos_terminal,0,0,0,0,0,0,2,6.32,APPROVE
1961,42.2,10,984,6.72,1,credit_card,mobile,0,0,0,0,0,0,1,1.1,APPROVE
1623,252.9,22,1239,1.66,0,credit_card,desktop,0,0,0,0,0,0,0,9.3,APPROVE
4547,83.84,5,1905,12.55,1,credit_card,pos_terminal,0,0,0,0,0,0,2,4.15,APPROVE
3500,27.01,12,1517,20.6,1,credit_card,mobile,0,0,0,0,0,0,1,1.06,APPROVE
3034,26.04,11,1155,2.46,5,credit_card,desktop,0,0,0,0,0,0,0,8.92,APPROVE
3107,0.73,2,2523,10.82,1,net_banking,pos_terminal,0,0,1,0,0,2,2,7.28,APPROVE
3112,100.16,15,1264,17.95,1,wallet,mobile,0,0,0,0,0,3,1,2.13,APPROVE
1809,8.29,12,1517,5.47,2,wallet,desktop,0,0,0,0,0,3,0,2.2,APPROVE
3476,259.37,4,1384,3.45,0,debit_card,desktop,0,0,1,0,0,1,0,10.26,APPROVE
1102,172.19,17,1584,7.38,1,debit_card,desktop,0,0,0,0,0,1,0,2.37,APPROVE
2766,60.34,16,2156,0.94,1,credit_card,desktop,0,0,0,0,0,0,0,2.48,APPROVE
858,66.56,3,803,9.35,5,credit_card,desktop,0,0,1,0,0,0,0,12.68,APPROVE
2697,29.9,0,920,19.31,1,wallet,pos_terminal,0,0,1,0,0,3,2,8.11,APPROVE
3228,8.91,19,2470,40.42,1,credit_card,mobile,0,0,0,0,0,0,1,5.95,APPROVE
3404,110.32,18,1707,24.83,3,wallet,pos_terminal,0,0,0,0,0,3,2,8.15,APPROVE
1479,45.76,0,2249,3.05,2,debit_card,pos_terminal,0,0,1,0,0,1,2,7.61,APPROVE
1048,163.28,11,157,29.61,0,debit_card,desktop,0,0,0,0,0,1,0,5.95,APPROVE
3223,1.55,3,508,37.07,1,debit_card,desktop,0,0,1,0,0,1,0,9.24,APPROVE
387,15.63,23,1210,12.33,2,credit_card,pos_terminal,0,0,1,0,0,0,2,11.14,APPROVE
1425,268.46,17,1392,8.71,3,net_banking,mobile,0,1,0,0,0,2,1,14.61,APPROVE
4504,54.85,19,1979,3.77,2,debit_card,desktop,0,0,0,0,0,1,0,1.99,APPROVE
2622,45.51,23,1940,6.61,3,debit_card,mobile,0,0,1,0,0,1,1,9.34,APPROVE
324,247.85,16,2700,5.15,4,debit_card,pos_terminal,0,0,0,0,0,1,2,9.8,APPROVE
4709,83.7,11,1968,51.52,1,net_banking,desktop,0,0,0,0,0,2,0,5.26,APPROVE
3312,98.69,0,932,4.1,1,debit_card,desktop,0,0,1,0,0,1,0,7.03,APPROVE
4072,72.16,6,2800,3.27,2,wallet,mobile,0,0,0,0,0,3,1,3.88,APPROVE
2917,150.93,1,1952,52.22,2,debit_card,desktop,0,0,1,0,0,1,0,11.18,APPROVE
4035,356.68,11,1490,5.02,1,wallet,mobile,0,1,0,0,0,3,1,15.8,APPROVE
543,89.11,17,1955,19.44,2,wallet,pos_terminal,0,0,0,0,0,3,2,3.99,APPROVE
3152,97.79,4,1331,17.94,0,wallet,desktop,0,0,1,0,0,3,0,8.28,APPROVE
3095,89.29,0,1498,41.23,0,wallet,desktop,0,0,1,0,0,3,0,11.64,APPROVE
539,11.06,2,2197,14.65,1,net_banking,mobile,0,0,1,0,0,2,1,4.57,APPROVE
1971,142.56,19,2667,4.33,0,credit_card,pos_terminal,0,0,0,0,0,0,2,7.14,APPROVE
4511,51.04,11,1618,7.45,2,credit_card,mobile,0,0,0,0,0,0,1,1.0,APPROVE
587,11.04,9,52,14.21,3,net_banking,desktop,0,0,0,0,0,2,0,5.22,APPROVE
4177,133.91,4,2201,36.94,2,wallet,mobile,0,0,1,0,0,3,1,9.53,APPROVE
508,239.34,22,2456,58.13,2,wallet,desktop,0,0,0,0,0,3,0,13.5,APPROVE
2626,7.48,8,2742,1.81,1,debit_card,desktop,0,0,0,0,0,1,0,3.78,APPROVE
195,34.37,22,2238,9.36,1,wallet,desktop,0,0,0,0,0,3,0,4.88,APPROVE
3010,63.68,11,2279,21.23,3,net_banking,pos_terminal,0,0,0,0,0,2,2,3.4,APPROVE
4538,6.81,0,217,7.43,2,net_banking,pos_terminal,0,0,1,0,0,2,2,8.88,APPROVE
1071,21.28,4,1982,1.74,0,wallet,pos_terminal,0,0,1,0,0,3,2,8.22,APPROVE
1065,107.03,7,2161,19.35,3,credit_card,desktop,0,0,0,0,0,0,0,5.81,APPROVE
1688,74.56,17,282,47.88,2,debit_card,pos_terminal,0,0,0,0,0,1,2,7.3,APPROVE
4238,96.88,4,1797,8.38,0,net_banking,mobile,0,0,1,0,0,2,1,5.39,APPROVE
3977,63.86,19,2629,46.05,3,credit_card,mobile,0,0,0,0,0,0,1,10.87,APPROVE
2425,184.27,2,165,0.6,1,debit_card,pos_terminal,0,0,1,0,0,1,2,10.45,APPROVE
1755,129.37,0,144,1.49,2,net_banking,pos_terminal,0,0,1,0,0,2,2,9.79,APPROVE
2977,0.92,14,1988,4.56,0,wallet,pos_terminal,0,0,0,0,0,3,2,5.11,APPROVE
2587,91.81,5,2005,0.3,3,credit_card,desktop,0,0,0,0,0,0,0,6.28,APPROVE
303,81.16,20,2774,78.92,1,credit_card,mobile,0,0,0,0,0,0,1,10.29,APPROVE
2722,121.27,1,2847,10.95,3,wallet,desktop,0,0,1,0,0,3,0,10.58,APPROVE
2444,46.45,14,1615,37.45,5,credit_card,mobile,0,0,0,0,0,0,1,11.01,APPROVE
1768,37.71,23,2810,29.74,2,net_banking,desktop,0,0,1,0,0,2,0,12.3,APPROVE
3487,4.27,7,1676,16.53,1,wallet,mobile,0,0,0,0,0,3,1,3.07,APPROVE
4161,7.11,9,1337,10.1,6,debit_card,mobile,0,0,0,1,0,1,1,16.22,APPROVE
1195,164.17,21,2391,2.45,2,debit_card,pos_terminal,0,0,0,0,0,1,2,5.95,APPROVE
2045,102.65,9,963,13.1,4,debit_card,desktop,0,0,0,0,0,1,0,5.79,APPROVE
1135,6.33,9,762,19.2,1,debit_card,pos_terminal,0,0,0,0,0,1,2,2.37,APPROVE
4704,42.91,19,2895,1.18,1,credit_card,pos_terminal,0,0,0,0,0,0,2,6.07,APPROVE
1624,15.42,4,1757,0.34,2,credit_card,desktop,0,0,1,0,0,0,0,8.15,APPROVE
3665,46.13,10,719,0.73,3,wallet,desktop,0,0,0,0,0,3,0,4.2,APPROVE
2419,39.28,0,722,2.85,2,net_banking,pos_terminal,0,0,1,0,0,2,2,6.96,APPROVE
2690,60.56,12,42,0.95,4,credit_card,mobile,0,0,0,0,0,0,1,8.15,APPROVE
760,13.16,5,1159,7.94,4,credit_card,mobile,0,0,0,0,0,0,1,6.29,APPROVE
502,29.63,13,1659,22.29,0,wallet,mobile,0,0,0,0,0,3,1,3.18,APPROVE
3783,140.15,17,1701,11.53,0,credit_card,pos_terminal,0,0,0,0,0,0,2,4.2,APPROVE
2523,35.54,22,465,13.21,1,wallet,pos_terminal,0,0,0,0,0,3,2,5.89,APPROVE
2187,116.22,22,35,5.16,2,net_banking,mobile,0,0,0,0,0,2,1,4.87,APPROVE
1680,33.98,19,929,0.71,0,net_banking,pos_terminal,0,0,0,0,0,2,2,3.19,APPROVE
2744,77.92,21,2764,1.54,1,wallet,pos_terminal,0,0,0,0,0,3,2,5.96,APPROVE
777,102.48,21,1330,16.7,1,net_banking,pos_terminal,0,0,0,0,0,2,2,3.57,APPROVE
4740,101.47,18,766,13.91,0,debit_card,pos_terminal,0,0,0,0,0,1,2,3.59,APPROVE
4824,62.92,13,1859,4.01,0,credit_card,mobile,0,0,0,0,0,0,1,2.22,APPROVE
270,132.59,5,821,1.75,6,wallet,pos_terminal,0,0,0,1,0,3,2,19.33,APPROVE
3763,27.17,21,2264,15.19,1,wallet,desktop,0,0,0,0,0,3,0,4.82,APPROVE
853,182.67,5,520,11.55,3,wallet,pos_terminal,0,0,0,0,0,3,2,7.66,APPROVE
2120,130.21,6,2985,5.31,0,credit_card,desktop,0,0,0,0,0,0,0,7.42,APPROVE
537,22.73,11,1540,12.22,2,credit_card,desktop,0,0,0,0,0,0,0,2.03,APPROVE
1421,56.62,1,1965,8.34,2,debit_card,mobile,0,0,1,0,0,1,1,4.28,APPROVE
4826,94.02,3,1501,0.1,0,net_banking,pos_terminal,0,0,1,0,0,2,2,7.08,APPROVE
4011,39.79,5,2560,33.66,2,credit_card,mobile,0,0,0,0,0,0,1,4.81,APPROVE
2156,12.25,7,1361,7.52,2,credit_card,mobile,0,0,0,0,0,0,1,1.96,APPROVE
3613,127.85,13,167,3.66,0,wallet,mobile,0,0,0,0,0,3,1,5.83,APPROVE
4870,38.52,14,804,21.18,0,debit_card,pos_terminal,0,0,0,0,0,1,2,2.77,APPROVE
1754,297.96,8,246,4.63,3,wallet,pos_terminal,0,1,0,0,0,3,2,18.13,APPROVE
1881,165.29,10,2390,19.82,2,credit_card,desktop,0,0,0,0,0,0,0,4.16,APPROVE
918,115.38,23,2318,6.85,1,debit_card,pos_terminal,0,0,1,0,0,1,2,11.05,APPROVE
4449,105.0,7,1048,44.42,4,credit_card,mobile,0,0,0,0,0,0,1,17.31,APPROVE
4293,190.89,3,2951,2.57,3,credit_card,desktop,0,0,1,0,0,0,0,12.79,APPROVE
3892,90.52,1,608,24.8,2,net_banking,desktop,0,0,1,0,0,2,0,7.63,APPROVE
1132,6.76,7,1529,11.58,2,credit_card,mobile,0,0,0,0,0,0,1,2.12,APPROVE
3979,44.43,8,899,13.97,0,wallet,desktop,0,0,0,0,0,3,0,3.69,APPROVE
73,135.19,13,1136,22.81,2,credit_card,pos_terminal,0,0,0,0,0,0,2,4.1,APPROVE
2721,122.3,9,1291,8.74,0,net_banking,pos_terminal,0,0,0,0,0,2,2,3.01,APPROVE
1980,16.47,12,2213,0.12,0,wallet,mobile,0,0,0,0,0,3,1,3.97,APPROVE
1010,20.0,2,1920,68.44,1,net_banking,desktop,0,0,1,0,0,2,0,11.04,APPROVE
4186,10.99,2,2548,1.88,1,debit_card,desktop,0,0,1,0,0,1,0,7.24,APPROVE
289,71.49,9,2996,25.57,6,net_banking,desktop,0,0,0,1,0,2,0,35.43,APPROVE
308,126.85,4,2514,1.67,3,wallet,mobile,0,0,1,0,0,3,1,9.23,APPROVE
4335,4.49,9,1084,34.78,1,net_banking,pos_terminal,0,0,0,0,0,2,2,3.01,APPROVE
1640,62.11,1,1608,4.97,1,debit_card,desktop,0,0,1,0,0,1,0,5.83,APPROVE
109,6.41,0,1022,35.08,0,net_banking,mobile,0,0,1,0,0,2,1,8.91,APPROVE
4580,218.11,23,2202,4.27,1,debit_card,pos_terminal,0,0,1,0,0,1,2,12.85,APPROVE
3075,160.85,9,2434,63.55,1,credit_card,pos_terminal,0,0,0,0,0,0,2,10.35,APPROVE
180,33.37,20,1834,4.05,2,debit_card,desktop,0,0,0,0,0,1,0,2.41,APPROVE
3402,544.46,14,1543,3.44,3,wallet,desktop,0,1,0,0,0,3,0,21.3,APPROVE
566,39.84,12,2598,56.74,1,credit_card,pos_terminal,0,0,0,0,0,0,2,8.08,APPROVE
641,31.1,14,1545,16.64,1,credit_card,desktop,0,0,0,0,0,0,0,1.65,APPROVE
1380,14.28,12,2009,24.43,1,credit_card,mobile,0,0,0,0,0,0,1,1.92,APPROVE
4839,25.62,10,735,0.02,0,credit_card,mobile,0,0,0,0,0,0,1,3.16,APPROVE
3819,51.91,3,192,22.9,0,credit_card,pos_terminal,0,0,1,0,0,0,2,10.61,APPROVE
1606,5.6,9,2083,35.96,2,debit_card,desktop,0,0,0,0,0,1,0,3.79,APPROVE
546,9.64,16,425,61.33,2,wallet,desktop,0,0,0,0,0,3,0,8.46,APPROVE
53,180.17,9,741,14.01,3,wallet,desktop,0,0,0,0,0,3,0,6.28,APPROVE
2963,307.27,16,690,63.44,2,debit_card,pos_terminal,0,1,0,0,0,1,2,18.78,APPROVE
3480,13.35,19,797,6.33,2,wallet,desktop,0,0,0,0,0,3,0,3.43,APPROVE
1266,39.87,17,1500,41.06,2,credit_card,mobile,0,0,0,0,0,0,1,4.06,APPROVE
2154,8.49,14,787,53.66,1,debit_card,mobile,0,0,0,0,0,1,1,4.62,APPROVE
116,130.24,15,1650,0.57,2,credit_card,desktop,0,0,0,0,0,0,0,2.83,APPROVE
668,16.52,5,2458,6.75,1,credit_card,pos_terminal,0,0,0,0,0,0,2,4.91,APPROVE
1148,152.08,19,1204,37.34,2,wallet,desktop,0,0,0,0,0,3,0,8.82,APPROVE
162,80.31,4,2916,23.78,1,wallet,mobile,0,0,1,0,0,3,1,8.34,APPROVE
3601,67.68,0,92,3.09,0,wallet,mobile,0,0,1,0,0,3,1,10.31,APPROVE
4438,391.58,6,2352,31.51,2,debit_card,desktop,0,1,0,0,0,1,0,17.89,APPROVE
1738,36.68,10,2692,49.16,0,credit_card,pos_terminal,0,0,0,0,0,0,2,8.02,APPROVE
3766,72.52,10,923,14.38,0,debit_card,pos_terminal,0,0,0,0,0,1,2,2.38,APPROVE
359,68.54,17,500,36.22,3,net_banking,mobile,0,0,0,0,0,2,1,9.2,APPROVE
4200,151.75,2,193,1.9,2,wallet,pos_terminal,0,0,1,0,0,3,2,10.35,APPROVE
1312,63.45,9,34,0.86,3,credit_card,pos_terminal,0,0,0,0,0,0,2,7.5,APPROVE
4746,16.85,6,1996,16.75,1,debit_card,mobile,0,0,0,0,0,1,1,1.47,APPROVE
1812,24.64,6,967,15.17,2,credit_card,desktop,0,0,0,0,0,0,0,2.92,APPROVE
4819,17.77,15,830,32.29,1,net_banking,pos_terminal,0,0,0,0,0,2,2,2.9,APPROVE
419,111.67,4,1006,25.98,2,net_banking,mobile,0,0,1,0,0,2,1,6.6,APPROVE
405,180.7,12,1742,22.71,1,net_banking,mobile,0,0,0,0,0,2,1,2.07,APPROVE
4652,51.62,8,2046,5.3,2,net_banking,mobile,0,0,0,0,0,2,1,0.57,APPROVE
4660,57.25,17,1882,13.81,2,wallet,desktop,0,0,0,0,0,3,0,2.6,APPROVE
305,297.88,17,308,19.42,3,debit_card,pos_terminal,0,1,0,0,0,1,2,17.68,APPROVE
2368,33.63,10,2680,9.24,2,debit_card,mobile,0,0,0,0,0,1,1,1.34,APPROVE
2436,38.96,0,246,21.62,0,wallet,pos_terminal,0,0,1,0,0,3,2,11.46,APPROVE
638,25.09,23,331,28.68,1,credit_card,desktop,0,0,1,0,0,0,0,12.53,APPROVE
477,64.57,17,172,9.46,1,wallet,desktop,0,0,0,0,0,3,0,4.34,APPROVE
4304,141.03,15,518,1.78,0,credit_card,pos_terminal,0,0,0,0,0,0,2,5.59,APPROVE
2990,15.8,7,2036,20.57,2,debit_card,desktop,0,0,0,0,0,1,0,2.58,APPROVE
766,114.99,2,2195,6.77,1,wallet,mobile,0,0,1,0,0,3,1,6.13,APPROVE
4100,79.84,17,2978,50.99,2,wallet,pos_terminal,0,0,0,0,0,3,2,10.29,APPROVE
3769,9.92,2,1663,0.01,1,net_banking,mobile,0,0,1,0,0,2,1,4.65,APPROVE
4403,35.47,11,849,3.27,2,credit_card,desktop,0,0,0,0,0,0,0,2.27,APPROVE
2016,34.14,15,2850,39.43,5,wallet,mobile,0,0,0,0,0,3,1,14.4,APPROVE
613,6.82,3,2668,81.42,3,credit_card,pos_terminal,0,0,1,0,0,0,2,17.58,APPROVE
4436,34.45,9,2494,2.84,2,debit_card,mobile,0,0,0,0,0,1,1,1.41,APPROVE
660,35.22,11,1973,14.84,3,debit_card,mobile,0,0,0,0,0,1,1,1.5,APPROVE
3502,471.34,12,2414,1.3,3,credit_card,pos_terminal,0,1,0,0,0,0,2,22.52,APPROVE
3782,0.87,19,1553,8.94,1,wallet,desktop,0,0,0,0,0,3,0,4.04,APPROVE
3639,18.61,1,1691,18.6,3,wallet,desktop,0,0,1,0,0,3,0,8.44,APPROVE
4392,82.98,16,2724,13.3,1,net_banking,mobile,0,0,0,0,0,2,1,1.57,APPROVE
4180,41.23,22,2746,0.14,2,net_banking,pos_terminal,0,0,0,0,0,2,2,5.69,APPROVE
4173,60.72,23,579,36.3,3,wallet,desktop,0,0,1,0,0,3,0,15.71,APPROVE
2950,140.59,18,834,2.79,0,wallet,desktop,0,0,0,0,0,3,0,5.34,APPROVE
1205,117.72,10,2006,2.99,0,credit_card,pos_terminal,0,0,0,0,0,0,2,4.81,APPROVE
4512,7.67,14,1664,68.96,0,credit_card,desktop,0,0,0,0,0,0,0,8.51,APPROVE
2668,107.34,20,895,6.52,3,net_banking,pos_terminal,0,0,0,0,0,2,2,5.32,APPROVE
302,62.23,0,583,74.8,0,credit_card,pos_terminal,0,0,1,0,0,0,2,15.8,APPROVE
3158,139.32,12,1618,62.26,0,credit_card,desktop,0,0,0,0,0,0,0,8.25,APPROVE
3368,16.95,17,1997,8.17,0,net_banking,mobile,0,0,0,0,0,2,1,1.78,APPROVE
25,166.67,21,714,32.21,7,wallet,desktop,1,0,0,1,0,3,0,45.95,MANUAL REVIEW
1510,134.13,5,1609,15.21,3,credit_card,desktop,0,0,0,0,0,0,0,5.54,APPROVE
3038,5.59,16,2050,5.94,2,wallet,mobile,0,0,0,0,0,3,1,2.29,APPROVE
2078,335.92,22,1386,16.73,2,credit_card,desktop,0,1,0,0,0,0,0,17.54,APPROVE
446,341.5,6,1502,4.77,0,credit_card,desktop,0,1,0,0,0,0,0,17.77,APPROVE
2416,38.79,9,1579,20.01,0,debit_card,mobile,0,0,0,0,0,1,1,1.23,APPROVE
2147,35.43,9,1455,11.0,5,net_banking,mobile,0,0,0,0,0,2,1,6.98,APPROVE
1307,129.45,11,1493,9.85,3,net_banking,desktop,0,0,0,0,0,2,0,3.99,APPROVE
4793,28.27,21,1825,4.49,1,credit_card,desktop,0,0,0,0,0,0,0,3.8,APPROVE
15,463.35,12,2952,44.72,3,credit_card,mobile,1,1,0,0,0,0,1,27.61,APPROVE
2102,13.75,2,1392,10.15,0,debit_card,mobile,0,0,1,0,0,1,1,5.69,APPROVE
2048,62.74,18,2994,1.61,1,net_banking,pos_terminal,0,0,0,0,0,2,2,4.64,APPROVE
1661,58.0,0,2616,11.76,2,credit_card,desktop,0,0,1,0,0,0,0,9.68,APPROVE
216,31.49,4,2618,17.83,4,wallet,mobile,0,0,1,0,0,3,1,10.14,APPROVE
1360,194.76,11,1382,48.22,3,credit_card,pos_terminal,0,0,0,0,0,0,2,13.22,APPROVE
744,21.14,6,2291,1.81,3,credit_card,pos_terminal,0,0,0,0,0,0,2,6.27,APPROVE
1679,94.98,20,484,1.47,0,debit_card,desktop,0,0,0,0,0,1,0,4.97,APPROVE
2112,16.29,13,2424,2.15,3,credit_card,mobile,0,0,0,0,0,0,1,3.82,APPROVE
1196,290.42,14,580,27.11,1,credit_card,mobile,0,1,0,0,0,0,1,15.38,APPROVE
4574,114.17,22,2290,2.9,1,net_banking,mobile,0,0,0,0,0,2,1,4.02,APPROVE
585,21.97,22,2665,14.81,1,net_banking,desktop,0,0,0,0,0,2,0,5.13,APPROVE
110,27.37,12,1470,4.1,3,net_banking,mobile,0,0,0,0,0,2,1,1.54,APPROVE
3444,317.56,2,1023,95.39,1,net_banking,desktop,0,1,1,0,0,2,0,25.15,APPROVE
3992,111.7,7,2019,7.85,0,debit_card,mobile,0,0,0,0,0,1,1,2.49,APPROVE
3442,19.02,3,2768,6.35,1,wallet,desktop,0,0,1,0,0,3,0,7.9,APPROVE
2108,25.94,19,2426,8.25,1,debit_card,pos_terminal,0,0,0,0,0,1,2,2.72,APPROVE
1485,36.51,12,93,43.47,4,credit_card,desktop,0,0,0,0,0,0,0,11.73,APPROVE
3966,29.27,20,1017,14.91,1,credit_card,pos_terminal,0,0,0,0,0,0,2,3.81,APPROVE
3135,76.73,23,1060,4.79,0,debit_card,desktop,0,0,1,0,0,1,0,10.45,APPROVE
344,40.67,1,1801,0.98,1,wallet,mobile,0,0,1,0,0,3,1,6.41,APPROVE
2058,84.21,4,1544,10.85,0,credit_card,mobile,0,0,1,0,0,0,1,6.65,APPROVE
3794,2.64,20,2348,23.1,4,credit_card,mobile,0,0,0,0,0,0,1,8.15,APPROVE
1936,25.16,11,2017,22.61,2,debit_card,mobile,0,0,0,0,0,1,1,0.7,APPROVE
16,818.74,19,1773,372.84,7,credit_card,pos_terminal,1,1,0,1,0,0,2,94.04,BLOCK / INVESTIGATE
1597,6.62,2,788,6.0,1,net_banking,mobile,0,0,1,0,0,2,1,4.99,APPROVE
1427,242.61,3,760,14.99,1,net_banking,desktop,0,0,1,0,0,2,0,8.73,APPROVE
4108,176.86,13,1611,12.07,2,net_banking,desktop,0,0,0,0,0,2,0,2.68,APPROVE
277,83.98,23,2283,29.27,0,debit_card,desktop,0,0,1,0,0,1,0,12.17,APPROVE
1842,46.3,15,1892,17.06,1,debit_card,mobile,0,0,0,0,0,1,1,0.23,APPROVE
3249,79.85,16,2859,4.2,2,credit_card,mobile,0,0,0,0,0,0,1,3.56,APPROVE
323,26.27,19,1879,25.55,2,wallet,pos_terminal,0,0,0,0,0,3,2,4.15,APPROVE
1704,46.32,7,952,37.24,2,wallet,desktop,0,0,0,0,0,3,0,4.81,APPROVE
3970,291.36,9,1330,22.44,1,credit_card,desktop,0,1,0,0,0,0,0,15.03,APPROVE
2024,43.41,13,587,29.64,2,debit_card,desktop,0,0,0,0,0,1,0,2.19,APPROVE
877,86.05,2,2332,11.24,3,wallet,desktop,0,0,1,0,0,3,0,8.2,APPROVE
2943,100.26,20,1676,6.43,1,credit_card,desktop,0,0,0,0,0,0,0,3.1,APPROVE
3830,38.37,8,2288,41.53,3,wallet,pos_terminal,0,0,0,0,0,3,2,8.86,APPROVE
4347,64.72,13,2616,2.43,0,wallet,mobile,0,0,0,0,0,3,1,3.98,APPROVE
4466,11.42,17,412,10.03,6,credit_card,mobile,0,0,0,1,0,0,1,17.48,APPROVE
844,12.88,5,2634,25.07,1,wallet,mobile,0,0,0,0,0,3,1,5.2,APPROVE
1507,61.02,13,1933,2.63,1,debit_card,mobile,0,0,0,0,0,1,1,0.39,APPROVE
3495,18.98,19,959,2.94,3,net_banking,pos_terminal,0,0,0,0,0,2,2,3.5,APPROVE
2343,35.05,16,196,8.33,1,net_banking,pos_terminal,0,0,0,0,0,2,2,2.39,APPROVE
3062,73.11,20,107,26.38,1,wallet,pos_terminal,0,0,0,0,0,3,2,7.29,APPROVE
1356,184.77,0,1279,14.69,1,net_banking,pos_terminal,0,0,1,0,0,2,2,8.64,APPROVE
2778,47.18,3,307,12.62,1,wallet,mobile,0,0,1,0,0,3,1,6.66,APPROVE
2472,192.15,5,697,33.9,0,wallet,mobile,0,0,0,0,0,3,1,7.57,APPROVE
44,23.96,18,2528,8.27,2,credit_card,desktop,0,0,0,0,0,0,0,3.52,APPROVE
2414,56.33,22,2756,20.59,1,net_banking,pos_terminal,0,0,0,0,0,2,2,5.8,APPROVE
3391,182.56,23,1334,1.46,2,wallet,mobile,0,0,1,0,0,3,1,11.5,APPROVE
2273,84.5,16,913,31.72,2,net_banking,desktop,0,0,0,0,0,2,0,4.55,APPROVE
1797,5.99,19,2011,6.45,1,wallet,desktop,0,0,0,0,0,3,0,4.09,APPROVE
1697,11.62,6,2443,6.35,2,wallet,desktop,0,0,0,0,0,3,0,4.75,APPROVE
1214,94.65,8,376,1.79,3,net_banking,mobile,0,0,0,0,0,2,1,4.21,APPROVE
962,22.52,17,2940,22.56,2,credit_card,mobile,0,0,0,0,0,0,1,4.36,APPROVE
2485,317.01,0,1663,0.14,3,wallet,pos_terminal,0,1,1,0,0,3,2,20.56,APPROVE
3750,180.73,20,1434,10.92,1,net_banking,desktop,0,0,0,0,0,2,0,4.02,APPROVE
4781,16.57,8,2241,24.76,0,wallet,pos_terminal,0,0,0,0,0,3,2,5.49,APPROVE
4252,33.16,7,2513,7.27,0,net_banking,pos_terminal,0,0,0,0,0,2,2,4.16,APPROVE
1348,351.53,17,2725,10.91,4,debit_card,desktop,0,1,0,0,0,1,0,23.28,APPROVE
3588,10.77,8,43,6.3,1,credit_card,pos_terminal,0,0,0,0,0,0,2,5.74,APPROVE
2691,72.34,23,29,10.08,1,net_banking,desktop,0,0,1,0,1,2,0,19.47,APPROVE
2386,37.11,20,1913,0.2,1,debit_card,mobile,0,0,0,0,0,1,1,2.0,APPROVE
2132,65.63,11,1781,16.23,0,net_banking,desktop,0,0,0,0,0,2,0,1.92,APPROVE
2628,54.47,1,1842,4.93,0,credit_card,mobile,0,0,1,0,0,0,1,7.16,APPROVE
2403,29.83,9,63,10.88,3,debit_card,mobile,0,0,0,0,0,1,1,3.96,APPROVE
804,44.15,6,1238,4.8,2,credit_card,desktop,0,0,0,0,0,0,0,2.6,APPROVE
2412,53.18,19,1015,32.85,1,wallet,desktop,0,0,0,0,0,3,0,4.82,APPROVE
3466,48.58,18,1856,6.06,4,credit_card,pos_terminal,0,0,0,0,0,0,2,6.83,APPROVE
2324,138.89,13,1196,4.15,0,net_banking,pos_terminal,0,0,0,0,0,2,2,3.63,APPROVE
3670,21.69,21,1370,1.72,2,wallet,mobile,0,0,0,0,0,3,1,3.15,APPROVE
2850,85.52,3,1352,9.15,3,debit_card,desktop,0,0,1,0,0,1,0,6.21,APPROVE
2466,40.22,10,2364,40.04,0,wallet,mobile,0,0,0,0,0,3,1,5.85,APPROVE
924,44.3,7,538,26.78,2,wallet,mobile,0,0,0,0,0,3,1,4.17,APPROVE
4039,68.98,17,199,8.06,1,debit_card,desktop,0,0,0,0,0,1,0,2.49,APPROVE
1475,88.11,12,1841,0.97,2,net_banking,mobile,0,0,0,0,0,2,1,0.49,APPROVE
2127,14.52,21,1018,33.49,0,net_banking,desktop,0,0,0,0,0,2,0,6.36,APPROVE
1490,21.7,16,365,10.96,2,net_banking,pos_terminal,0,0,0,0,0,2,2,2.5,APPROVE
3917,33.95,4,2563,9.89,1,net_banking,desktop,0,0,1,0,0,2,0,6.35,APPROVE
4251,5.12,1,2631,5.63,2,wallet,desktop,0,0,1,0,0,3,0,9.12,APPROVE
294,10.87,10,2948,30.84,2,net_banking,pos_terminal,0,0,0,0,0,2,2,5.39,APPROVE
3452,90.54,21,1976,6.06,4,net_banking,mobile,0,0,0,0,0,2,1,5.89,APPROVE
2927,335.22,14,2101,11.86,0,net_banking,desktop,0,1,0,0,0,2,0,16.0,APPROVE
3371,72.37,7,1893,7.28,1,debit_card,pos_terminal,0,0,0,0,0,1,2,2.02,APPROVE
1687,53.41,23,96,46.49,1,credit_card,mobile,0,0,1,0,0,0,1,14.18,APPROVE
3412,1.81,1,2252,13.93,1,wallet,mobile,0,0,1,0,0,3,1,7.36,APPROVE
2234,88.16,12,276,3.09,2,credit_card,pos_terminal,0,0,0,0,0,0,2,4.32,APPROVE
1891,41.07,20,2894,3.94,4,wallet,pos_terminal,0,0,0,0,0,3,2,9.59,APPROVE
3947,73.79,23,1550,8.65,1,wallet,mobile,0,0,1,0,0,3,1,8.79,APPROVE
2330,23.83,6,182,2.21,3,net_banking,pos_terminal,0,0,0,0,0,2,2,5.69,APPROVE
3345,100.81,20,1286,6.8,1,wallet,desktop,0,0,0,0,0,3,0,3.92,APPROVE
131,20.09,13,1810,18.86,2,wallet,mobile,0,0,0,0,0,3,1,1.52,APPROVE
4835,7.32,17,1940,6.34,2,wallet,mobile,0,0,0,0,0,3,1,2.47,APPROVE
1276,22.17,20,1287,38.74,1,debit_card,mobile,0,0,0,0,0,1,1,3.44,APPROVE
1499,159.22,23,2277,54.93,2,net_banking,desktop,0,0,1,0,0,2,0,17.75,APPROVE
2651,36.8,23,792,7.9,0,credit_card,desktop,0,0,1,0,0,0,0,11.94,APPROVE
4599,25.09,3,2929,15.55,2,net_banking,pos_terminal,0,0,1,0,0,2,2,8.34,APPROVE
2253,141.42,17,1843,3.21,0,debit_card,pos_terminal,0,0,0,0,0,1,2,3.58,APPROVE
3120,25.27,11,2885,6.38,5,debit_card,desktop,0,0,0,0,0,1,0,9.5,APPROVE
2226,28.68,8,1095,24.73,0,debit_card,desktop,0,0,0,0,0,1,0,2.76,APPROVE
1263,48.59,17,2455,21.51,2,debit_card,pos_terminal,0,0,0,0,0,1,2,3.55,APPROVE
4828,29.72,1,1821,41.58,4,net_banking,pos_terminal,0,0,1,0,0,2,2,11.83,APPROVE
3176,87.3,14,336,21.73,0,net_banking,pos_terminal,0,0,0,0,0,2,2,4.28,APPROVE
4237,116.38,15,1569,6.22,3,credit_card,mobile,0,0,0,0,0,0,1,3.58,APPROVE
773,40.51,11,2992,6.0,6,debit_card,mobile,0,0,0,1,0,1,1,19.69,APPROVE
2094,27.08,4,1014,7.94,1,credit_card,mobile,0,0,1,0,0,0,1,5.81,APPROVE
4217,55.15,13,1492,6.73,0,net_banking,desktop,0,0,0,0,0,2,0,1.8,APPROVE
4557,90.92,2,1456,8.55,1,wallet,desktop,0,0,1,0,0,3,0,6.35,APPROVE
991,94.92,23,1333,6.14,0,debit_card,pos_terminal,0,0,1,0,0,1,2,11.15,APPROVE
2362,27.97,12,2632,32.42,0,net_banking,pos_terminal,0,0,0,0,0,2,2,5.11,APPROVE
4630,10.22,20,1935,39.94,2,debit_card,pos_terminal,0,0,0,0,0,1,2,5.06,APPROVE
4447,128.42,22,1285,10.14,0,net_banking,desktop,0,0,0,0,0,2,0,5.11,APPROVE
2473,102.45,10,732,23.39,3,wallet,desktop,0,0,0,0,0,3,0,6.01,APPROVE
2819,35.33,1,2691,2.41,1,credit_card,mobile,0,0,1,0,0,0,1,8.04,APPROVE
2552,132.12,0,1385,13.33,1,debit_card,pos_terminal,0,0,1,0,0,1,2,7.62,APPROVE
3818,137.49,0,1128,13.23,1,net_banking,desktop,0,0,1,0,0,2,0,7.63,APPROVE
312,2.05,18,2658,2.65,0,net_banking,mobile,0,0,0,0,0,2,1,4.29,APPROVE
1184,8.65,0,764,38.15,3,wallet,desktop,0,0,1,0,0,3,0,11.58,APPROVE
1304,98.77,6,265,26.14,2,debit_card,desktop,0,0,0,0,0,1,0,5.19,APPROVE
4164,74.74,14,490,25.52,2,wallet,mobile,0,0,0,0,0,3,1,3.32,APPROVE
4897,28.3,18,1557,0.7,3,net_banking,mobile,0,0,0,0,0,2,1,2.29,APPROVE
2441,62.42,12,1196,1.47,0,debit_card,mobile,0,0,0,0,0,1,1,1.14,APPROVE
2607,25.86,11,1495,25.47,1,net_banking,pos_terminal,0,0,0,0,0,2,2,1.8,APPROVE
4473,35.13,16,2039,18.1,1,wallet,pos_terminal,0,0,0,0,0,3,2,3.43,APPROVE
3579,54.27,12,1965,16.63,1,net_banking,pos_terminal,0,0,0,0,0,2,2,1.25,APPROVE
2239,21.9,4,175,4.77,3,wallet,desktop,0,0,1,0,0,3,0,9.69,APPROVE
3216,14.45,14,287,33.74,0,wallet,pos_terminal,0,0,0,0,0,3,2,7.25,APPROVE
4583,116.15,9,850,21.21,0,debit_card,mobile,0,0,0,0,0,1,1,2.12,APPROVE
3617,149.21,11,2772,0.88,1,net_banking,mobile,0,0,0,0,0,2,1,3.21,APPROVE
174,82.89,14,1680,3.72,2,credit_card,desktop,0,0,0,0,0,0,0,2.08,APPROVE
4294,40.38,8,1897,3.54,2,wallet,mobile,0,0,0,0,0,3,1,1.99,APPROVE
4876,73.49,23,2104,9.86,3,debit_card,desktop,0,0,1,0,0,1,0,10.5,APPROVE
2646,251.35,14,493,5.12,1,debit_card,mobile,0,0,0,0,0,1,1,4.21,APPROVE
3146,180.57,0,963,14.31,2,wallet,desktop,0,0,1,0,0,3,0,9.93,APPROVE
1462,9.02,15,834,3.34,2,credit_card,desktop,0,0,0,0,0,0,0,2.65,APPROVE
3555,78.25,5,2946,2.26,0,credit_card,pos_terminal,0,0,0,0,0,0,2,8.09,APPROVE
4657,63.69,18,1169,4.37,3,credit_card,pos_terminal,0,0,0,0,0,0,2,4.82,APPROVE
2321,100.15,8,767,54.6,3,net_banking,pos_terminal,0,0,0,0,0,2,2,19.84,APPROVE
2876,55.06,16,1051,16.77,1,debit_card,pos_terminal,0,0,0,0,0,1,2,1.23,APPROVE
1845,22.03,22,1484,11.65,1,credit_card,desktop,0,0,0,0,0,0,0,4.59,APPROVE
2337,36.84,0,1266,9.34,1,wallet,pos_terminal,0,0,1,0,0,3,2,7.53,APPROVE
3571,61.78,1,698,14.3,0,net_banking,pos_terminal,0,0,1,0,0,2,2,7.71,APPROVE
1996,251.01,6,994,1.49,0,credit_card,mobile,0,0,0,0,0,0,1,6.93,APPROVE
3020,26.92,19,2270,42.69,0,debit_card,mobile,0,0,0,0,0,1,1,5.31,APPROVE
1944,124.33,23,1199,32.88,3,credit_card,desktop,0,0,1,0,0,0,0,14.87,APPROVE
1000,16.38,1,1869,0.25,3,net_banking,desktop,0,0,1,0,0,2,0,8.07,APPROVE
2533,1.15,15,1055,12.81,2,debit_card,desktop,0,0,0,0,0,1,0,2.12,APPROVE
1794,3.41,20,2330,3.73,1,debit_card,desktop,0,0,0,0,0,1,0,3.61,APPROVE
2183,28.99,12,1943,23.37,2,net_banking,mobile,0,0,0,0,0,2,1,0.68,APPROVE
121,181.14,8,2614,1.01,1,net_banking,mobile,0,0,0,0,0,2,1,4.13,APPROVE
165,144.29,4,1747,12.81,1,debit_card,pos_terminal,0,0,1,0,0,1,2,6.97,APPROVE
1508,74.9,21,2563,3.0,2,net_banking,pos_terminal,0,0,0,0,0,2,2,3.98,APPROVE
1376,47.15,2,2712,16.46,3,wallet,pos_terminal,0,0,1,0,0,3,2,9.96,APPROVE
3580,52.8,0,1514,9.52,3,debit_card,desktop,0,0,1,0,0,1,0,7.57,APPROVE
4603,36.99,14,2382,22.61,0,credit_card,desktop,0,0,0,0,0,0,0,4.36,APPROVE
1377,57.86,13,2408,11.86,3,net_banking,pos_terminal,0,0,0,0,0,2,2,3.47,APPROVE
85,31.47,6,547,8.02,1,net_banking,desktop,0,0,0,0,0,2,0,2.52,APPROVE
1138,52.4,3,2686,20.58,3,net_banking,mobile,0,0,1,0,0,2,1,7.04,APPROVE
520,72.14,22,1123,12.9,1,wallet,desktop,0,0,0,0,0,3,0,4.75,APPROVE
3521,50.66,13,2463,1.31,2,debit_card,pos_terminal,0,0,0,0,0,1,2,2.49,APPROVE
4198,46.82,9,2101,10.28,2,debit_card,pos_terminal,0,0,0,0,0,1,2,1.56,APPROVE
404,30.86,12,2588,21.18,1,wallet,desktop,0,0,0,0,0,3,0,4.03,APPROVE
2884,5.72,14,525,27.17,1,wallet,mobile,0,0,0,0,0,3,1,3.63,APPROVE
4556,87.02,3,1637,85.83,0,credit_card,pos_terminal,0,0,1,0,0,0,2,14.41,APPROVE
1959,123.21,11,2559,55.66,0,net_banking,mobile,0,0,0,0,0,2,1,7.33,APPROVE
1705,8.93,17,1855,14.84,0,wallet,mobile,0,0,0,0,0,3,1,3.75,APPROVE
3581,145.73,0,498,7.26,0,debit_card,pos_terminal,0,0,1,0,0,1,2,10.29,APPROVE
1631,34.16,1,1152,14.26,1,wallet,desktop,0,0,1,0,0,3,0,7.27,APPROVE
1431,57.99,11,133,11.44,1,net_banking,mobile,0,0,0,0,0,2,1,1.59,APPROVE
2525,26.14,19,2082,16.07,1,wallet,desktop,0,0,0,0,0,3,0,3.8,APPROVE
1024,230.97,10,2136,13.44,2,debit_card,pos_terminal,0,0,0,0,0,1,2,5.11,APPROVE
3383,24.04,2,1314,8.17,1,wallet,desktop,0,0,1,0,0,3,0,6.52,APPROVE
3836,215.72,20,2822,4.69,2,credit_card,desktop,0,0,0,0,0,0,0,7.42,APPROVE
4381,5.91,18,172,5.66,2,credit_card,pos_terminal,0,0,0,0,0,0,2,4.78,APPROVE
3015,32.52,1,1943,10.25,4,net_banking,mobile,0,0,1,0,0,2,1,7.91,APPROVE
890,102.49,2,222,42.38,2,net_banking,pos_terminal,0,0,1,0,0,2,2,10.99,APPROVE
899,7.15,8,405,20.42,1,wallet,mobile,0,0,0,0,0,3,1,4.34,APPROVE
614,165.45,17,2501,1.2,2,credit_card,pos_terminal,0,0,0,0,0,0,2,5.61,APPROVE
2400,33.31,16,1,25.2,3,debit_card,desktop,0,0,0,0,1,1,0,17.08,APPROVE
4662,49.43,17,18,7.37,3,net_banking,desktop,0,0,0,0,1,2,0,16.35,APPROVE
4540,15.08,0,507,33.87,1,debit_card,desktop,0,0,1,0,0,1,0,9.89,APPROVE
1231,20.9,3,2892,14.85,4,debit_card,mobile,0,0,1,0,0,1,1,8.99,APPROVE
1265,6.02,8,2099,14.82,1,wallet,mobile,0,0,0,0,0,3,1,3.1,APPROVE
2206,26.28,1,1097,4.25,3,credit_card,pos_terminal,0,0,1,0,0,0,2,9.27,APPROVE
1017,67.14,0,2169,8.31,0,credit_card,desktop,0,0,1,0,0,0,0,9.85,APPROVE
3428,159.86,20,446,8.5,0,net_banking,mobile,0,0,0,0,0,2,1,4.37,APPROVE
275,55.69,7,838,2.04,1,debit_card,mobile,0,0,0,0,0,1,1,0.86,APPROVE
1995,85.59,7,1328,39.41,2,debit_card,desktop,0,0,0,0,0,1,0,3.48,APPROVE
1593,8.79,13,2520,35.59,2,credit_card,mobile,0,0,0,0,0,0,1,4.31,APPROVE
4360,4.91,5,824,63.34,2,credit_card,mobile,0,0,0,0,0,0,1,8.36,APPROVE
416,27.76,9,793,91.68,4,wallet,pos_terminal,0,0,0,0,0,3,2,22.53,APPROVE
2056,49.64,21,314,21.34,1,wallet,pos_terminal,0,0,0,0,0,3,2,6.14,APPROVE
2149,140.94,23,1712,8.95,0,wallet,mobile,0,0,1,0,0,3,1,11.03,APPROVE
4221,76.08,3,2560,21.88,0,net_banking,desktop,0,0,1,0,0,2,0,8.4,APPROVE
1948,31.82,5,1840,3.13,4,credit_card,pos_terminal,0,0,0,0,0,0,2,7.96,APPROVE
3232,22.52,10,926,16.94,3,credit_card,pos_terminal,0,0,0,0,0,0,2,4.54,APPROVE
244,1.25,21,511,2.7,3,net_banking,mobile,0,0,0,0,0,2,1,4.43,APPROVE
3285,6.3,22,2092,20.2,2,credit_card,desktop,0,0,0,0,0,0,0,6.32,APPROVE
2925,185.77,17,2343,18.41,0,credit_card,mobile,0,0,0,0,0,0,1,5.34,APPROVE
124,20.69,12,899,1.11,2,debit_card,pos_terminal,0,0,0,0,0,1,2,1.56,APPROVE
1370,284.33,2,755,32.05,2,credit_card,mobile,0,1,1,0,0,0,1,19.09,APPROVE
3944,8.45,9,1806,6.25,1,net_banking,desktop,0,0,0,0,0,2,0,1.74,APPROVE
1242,117.9,3,2109,3.1,1,net_banking,desktop,0,0,1,0,0,2,0,5.52,APPROVE
1539,59.58,9,2399,8.37,2,wallet,pos_terminal,0,0,0,0,0,3,2,3.32,APPROVE
4256,487.72,10,1814,4.66,1,credit_card,pos_terminal,0,1,0,0,0,0,2,18.9,APPROVE
3298,37.66,14,175,19.67,1,wallet,mobile,0,0,0,0,0,3,1,3.47,APPROVE
4166,21.99,12,2687,0.49,5,debit_card,mobile,0,0,0,0,0,1,1,9.09,APPROVE
3306,37.29,21,1060,26.41,0,wallet,desktop,0,0,0,0,0,3,0,7.07,APPROVE
3192,244.29,2,1922,16.07,0,credit_card,desktop,0,0,1,0,0,0,0,11.54,APPROVE
4774,32.92,14,2377,2.82,2,debit_card,pos_terminal,0,0,0,0,0,1,2,2.26,APPROVE
3722,219.27,23,245,47.98,2,credit_card,pos_terminal,0,0,1,0,0,0,2,16.93,APPROVE
2161,77.6,2,64,14.08,3,debit_card,desktop,0,0,1,0,0,1,0,9.11,APPROVE
222,7.87,1,382,12.73,1,net_banking,pos_terminal,0,0,1,0,0,2,2,7.6,APPROVE
106,42.26,16,2912,2.74,0,net_banking,pos_terminal,0,0,0,0,0,2,2,4.59,APPROVE
4419,15.59,8,239,33.11,2,credit_card,pos_terminal,0,0,0,0,0,0,2,6.72,APPROVE
4478,72.07,15,923,2.6,1,wallet,pos_terminal,0,0,0,0,0,3,2,2.96,APPROVE
3467,88.15,23,2514,7.95,0,debit_card,mobile,0,0,1,0,0,1,1,10.75,APPROVE
1412,25.15,23,2904,1.86,0,wallet,mobile,0,0,1,0,0,3,1,12.38,APPROVE
88,174.58,19,2585,17.03,0,credit_card,mobile,0,0,0,0,0,0,1,6.12,APPROVE
2334,9.73,10,1897,14.69,2,debit_card,desktop,0,0,0,0,0,1,0,1.79,APPROVE
3522,25.02,14,982,22.25,2,credit_card,pos_terminal,0,0,0,0,0,0,2,3.33,APPROVE
3170,85.18,8,1047,31.27,0,debit_card,desktop,0,0,0,0,0,1,0,3.54,APPROVE
2654,116.73,19,2365,26.8,1,credit_card,desktop,0,0,0,0,0,0,0,5.31,APPROVE
155,22.17,6,2964,45.02,3,debit_card,mobile,0,0,0,0,0,1,1,7.81,APPROVE
3609,280.33,1,345,21.75,0,credit_card,pos_terminal,0,1,1,0,0,0,2,20.34,APPROVE
4194,77.23,16,2692,11.02,2,credit_card,desktop,0,0,0,0,0,0,0,3.67,APPROVE
1509,115.81,21,2241,12.5,2,credit_card,desktop,0,0,0,0,0,0,0,5.03,APPROVE
1241,119.9,21,460,10.04,2,wallet,desktop,0,0,0,0,0,3,0,5.62,APPROVE
880,21.02,1,1482,12.81,4,net_banking,desktop,0,0,1,0,0,2,0,9.63,APPROVE
4240,90.08,5,1919,18.71,0,net_banking,pos_terminal,0,0,0,0,0,2,2,4.43,APPROVE
50,279.42,2,1189,19.32,3,credit_card,desktop,0,1,1,0,0,0,0,18.9,APPROVE
3098,0.67,12,2011,70.52,3,debit_card,desktop,0,0,0,0,0,1,0,9.64,APPROVE
4892,75.29,16,893,2.84,1,wallet,pos_terminal,0,0,0,0,0,3,2,3.03,APPROVE
1455,213.83,8,1126,54.32,5,debit_card,mobile,0,0,0,0,0,1,1,27.35,APPROVE
4429,127.77,21,367,0.6,1,debit_card,desktop,0,0,0,0,0,1,0,4.61,APPROVE
3706,107.48,5,1366,21.63,1,debit_card,desktop,0,0,0,0,0,1,0,2.92,APPROVE
529,160.03,23,646,10.47,1,debit_card,desktop,0,0,1,0,0,1,0,10.61,APPROVE
552,64.22,11,317,21.22,0,wallet,desktop,0,0,0,0,0,3,0,5.24,APPROVE
3658,76.39,20,751,6.08,3,debit_card,mobile,0,0,0,0,0,1,1,3.05,APPROVE
4143,142.47,16,1691,4.3,1,net_banking,desktop,0,0,0,0,0,2,0,1.56,APPROVE
2388,97.82,18,50,17.23,2,credit_card,desktop,0,0,0,0,0,0,0,5.86,APPROVE
2091,267.01,19,1596,37.96,2,net_banking,mobile,0,1,0,0,0,2,1,18.95,APPROVE
3055,276.72,11,1305,10.35,1,net_banking,mobile,0,1,0,0,0,2,1,13.39,APPROVE
933,59.67,1,2357,4.36,0,credit_card,desktop,0,0,1,0,0,0,0,9.39,APPROVE
494,49.84,1,2439,0.07,2,debit_card,mobile,0,0,1,0,0,1,1,6.37,APPROVE
4098,23.94,8,955,3.38,0,credit_card,desktop,0,0,0,0,0,0,0,3.72,APPROVE
2541,116.23,18,2834,14.79,3,credit_card,desktop,0,0,0,0,0,0,0,6.38,APPROVE
2698,118.97,16,818,12.49,6,debit_card,desktop,0,0,0,1,0,1,0,18.51,APPROVE
1762,8.26,4,2490,18.93,1,net_banking,desktop,0,0,1,0,0,2,0,6.62,APPROVE
4742,2.9,7,2559,3.35,0,debit_card,pos_terminal,0,0,0,0,0,1,2,5.21,APPROVE
2827,8.02,3,1119,5.28,2,credit_card,desktop,0,0,1,0,0,0,0,7.48,APPROVE
755,126.4,21,175,5.67,0,credit_card,desktop,0,0,0,0,0,0,0,7.73,APPROVE
3178,134.61,10,1146,30.9,2,debit_card,pos_terminal,0,0,0,0,0,1,2,4.3,APPROVE
1321,13.9,3,2703,2.34,1,net_banking,pos_terminal,0,0,1,0,0,2,2,7.02,APPROVE
1045,76.54,5,3,13.95,1,credit_card,desktop,0,0,0,0,1,0,0,16.36,APPROVE
665,13.27,22,1608,29.58,4,debit_card,pos_terminal,0,0,0,0,0,1,2,8.72,APPROVE
311,6.54,2,158,3.23,2,credit_card,desktop,0,0,1,0,0,0,0,9.82,APPROVE
985,54.73,4,1312,7.5,1,wallet,desktop,0,0,1,0,0,3,0,6.26,APPROVE
4205,52.08,8,2195,8.13,1,wallet,mobile,0,0,0,0,0,3,1,1.98,APPROVE
2495,54.23,19,2522,37.1,1,debit_card,mobile,0,0,0,0,0,1,1,3.46,APPROVE
3520,20.84,22,1375,26.76,0,debit_card,pos_terminal,0,0,0,0,0,1,2,5.81,APPROVE
1551,73.63,11,950,101.45,0,debit_card,pos_terminal,0,0,0,0,0,1,2,14.85,APPROVE
4351,73.02,0,1726,2.58,2,debit_card,pos_terminal,0,0,1,0,0,1,2,6.85,APPROVE
291,3.05,19,2182,72.42,0,wallet,mobile,0,0,0,0,0,3,1,10.85,APPROVE
3214,20.87,22,72,2.16,1,credit_card,mobile,0,0,0,0,0,0,1,6.13,APPROVE
4841,245.69,8,2332,20.9,2,wallet,pos_terminal,0,0,0,0,0,3,2,7.61,APPROVE
74,569.52,22,259,61.61,6,debit_card,pos_terminal,1,1,0,1,0,1,2,64.27,MANUAL REVIEW
555,41.33,20,1589,24.98,3,net_banking,mobile,0,0,0,0,0,2,1,3.23,APPROVE
2578,35.43,5,994,12.42,0,credit_card,desktop,0,0,0,0,0,0,0,4.85,APPROVE
3635,53.26,5,2292,0.42,2,wallet,pos_terminal,0,0,0,0,0,3,2,5.0,APPROVE
540,246.42,21,1512,6.64,0,credit_card,pos_terminal,0,0,0,0,0,0,2,8.43,APPROVE
3980,142.88,9,1107,3.57,0,net_banking,mobile,0,0,0,0,0,2,1,2.64,APPROVE
833,15.52,16,876,6.29,1,credit_card,pos_terminal,0,0,0,0,0,0,2,2.3,APPROVE
820,129.9,5,2963,52.28,2,debit_card,mobile,0,0,0,0,0,1,1,8.97,APPROVE
3740,187.77,0,1186,11.76,1,debit_card,desktop,0,0,1,0,0,1,0,9.01,APPROVE
3785,8.83,19,1726,17.87,0,credit_card,desktop,0,0,0,0,0,0,0,4.82,APPROVE
2979,281.21,1,2095,1.26,1,debit_card,desktop,0,1,1,0,0,1,0,18.21,APPROVE
3399,68.77,20,2195,2.21,0,net_banking,pos_terminal,0,0,0,0,0,2,2,3.79,APPROVE
1280,77.02,8,1202,34.14,1,credit_card,mobile,0,0,0,0,0,0,1,3.11,APPROVE
2170,92.75,6,1958,0.39,1,net_banking,mobile,0,0,0,0,0,2,1,1.58,APPROVE
1882,80.91,11,1829,8.47,0,credit_card,pos_terminal,0,0,0,0,0,0,2,3.16,APPROVE
1081,7.49,1,2368,21.2,0,wallet,mobile,0,0,1,0,0,3,1,9.12,APPROVE
2445,28.8,10,1127,1.22,1,credit_card,pos_terminal,0,0,0,0,0,0,2,2.73,APPROVE
4606,149.73,2,2946,24.04,2,wallet,pos_terminal,0,0,1,0,0,3,2,12.69,APPROVE
3119,19.31,0,1352,33.0,0,credit_card,mobile,0,0,1,0,0,0,1,10.16,APPROVE
3817,138.78,18,949,21.24,1,debit_card,desktop,0,0,0,0,0,1,0,2.73,APPROVE
2895,166.92,19,1399,39.2,2,debit_card,desktop,0,0,0,0,0,1,0,6.24,APPROVE
691,44.33,16,246,42.52,0,debit_card,desktop,0,0,0,0,0,1,0,6.59,APPROVE
4723,43.4,16,2516,0.7,3,credit_card,mobile,0,0,0,0,0,0,1,4.11,APPROVE
139,285.42,15,1849,64.22,1,wallet,mobile,0,1,0,0,0,3,1,19.81,APPROVE
2510,5.16,1,288,36.41,2,credit_card,mobile,0,0,1,0,0,0,1,10.55,APPROVE
2315,11.28,11,2263,4.5,0,debit_card,mobile,0,0,0,0,0,1,1,2.05,APPROVE
3563,43.39,4,1574,1.58,3,credit_card,pos_terminal,0,0,1,0,0,0,2,8.5,APPROVE
363,63.11,11,530,23.36,1,net_banking,pos_terminal,0,0,0,0,0,2,2,2.87,APPROVE
4469,169.36,6,2997,32.3,3,net_banking,mobile,0,0,0,0,0,2,1,9.28,APPROVE
2892,117.97,5,1984,14.94,3,net_banking,pos_terminal,0,0,0,0,0,2,2,5.08,APPROVE
2865,69.42,12,1657,68.0,3,credit_card,mobile,0,0,0,0,0,0,1,9.12,APPROVE
377,1.88,10,2816,15.11,5,net_banking,pos_terminal,0,0,0,0,0,2,2,10.83,APPROVE
4378,12.56,2,149,3.79,0,net_banking,pos_terminal,0,0,1,0,0,2,2,9.53,APPROVE
4112,5.75,2,2336,6.53,1,credit_card,pos_terminal,0,0,1,0,0,0,2,8.25,APPROVE
4586,40.01,8,2612,30.72,1,credit_card,pos_terminal,0,0,0,0,0,0,2,5.41,APPROVE
1410,18.44,12,2369,51.47,1,wallet,pos_terminal,0,0,0,0,0,3,2,6.97,APPROVE
1063,43.27,5,991,7.31,1,credit_card,pos_terminal,0,0,0,0,0,0,2,3.67,APPROVE
925,1.82,10,541,9.21,6,wallet,pos_terminal,0,0,0,1,0,3,2,18.33,APPROVE
4364,20.57,22,988,1.2,1,net_banking,mobile,0,0,0,0,0,2,1,2.87,APPROVE
4784,43.22,15,2840,15.61,0,debit_card,mobile,0,0,0,0,0,1,1,2.87,APPROVE
3840,60.67,23,1556,7.5,2,wallet,mobile,0,0,1,0,0,3,1,8.8,APPROVE
